D:/urbansound-fold10-augmented/100648-1-4-0.wav,0.048422813,1.86,drilling,0.29751879,2.60%,fold10
D:/urbansound-fold10-augmented/100795-3-0-0.wav,0.017952681,4,dog_bark,0.637826204,0.45%,fold10
D:/urbansound-fold10-augmented/100795-3-1-0.wav,0.016955137,4,dog_bark,0.715577066,0.42%,fold10
D:/urbansound-fold10-augmented/100795-3-1-1.wav,0.017953396,4,dog_bark,0.743178368,0.45%,fold10
D:/urbansound-fold10-augmented/100795-3-1-2.wav,0.019947767,4,dog_bark,0.6386289,0.50%,fold10
D:/urbansound-fold10-augmented/101382-2-0-10.wav,0.019947767,4,children_playing,0.757157147,0.50%,fold10
D:/urbansound-fold10-augmented/101382-2-0-12.wav,0.030915499,4,children_playing,0.466270626,0.77%,fold10
D:/urbansound-fold10-augmented/101382-2-0-20.wav,0.017951965,4,children_playing,0.77256614,0.45%,fold10
D:/urbansound-fold10-augmented/101382-2-0-21.wav,0.016956568,4,children_playing,0.90027988,0.42%,fold10
D:/urbansound-fold10-augmented/101382-2-0-29.wav,0.017953873,4,children_playing,0.724509776,0.45%,fold10
D:/urbansound-fold10-augmented/101382-2-0-33.wav,0.017952204,4,children_playing,0.853826582,0.45%,fold10
D:/urbansound-fold10-augmented/101382-2-0-42.wav,0.017952204,4,children_playing,0.777248442,0.45%,fold10
D:/urbansound-fold10-augmented/101382-2-0-45.wav,0.01894927,4,children_playing,0.718794525,0.47%,fold10
D:/urbansound-fold10-augmented/102857-5-0-0.wav,0.018949747,4,engine_idling,0.484987408,0.47%,fold10
D:/urbansound-fold10-augmented/102857-5-0-1.wav,0.017952681,4,engine_idling,0.434988141,0.45%,fold10
D:/urbansound-fold10-augmented/102857-5-0-10.wav,0.018456936,4,engine_idling,0.469099611,0.46%,fold10
D:/urbansound-fold10-augmented/102857-5-0-11.wav,0.018950701,4,engine_idling,0.50150913,0.47%,fold10
D:/urbansound-fold10-augmented/102857-5-0-12.wav,0.017952204,4,engine_idling,0.466016561,0.45%,fold10
D:/urbansound-fold10-augmented/102857-5-0-13.wav,0.019948006,4,engine_idling,0.486068875,0.50%,fold10
D:/urbansound-fold10-augmented/102857-5-0-14.wav,0.020943403,4,engine_idling,0.480487317,0.52%,fold10
D:/urbansound-fold10-augmented/102857-5-0-15.wav,0.018950462,4,engine_idling,0.456959367,0.47%,fold10
D:/urbansound-fold10-augmented/102857-5-0-16.wav,0.017952919,4,engine_idling,0.427335471,0.45%,fold10
D:/urbansound-fold10-augmented/102857-5-0-17.wav,0.019947052,4,engine_idling,0.483947098,0.50%,fold10
D:/urbansound-fold10-augmented/102857-5-0-18.wav,0.020944357,4,engine_idling,0.509168923,0.52%,fold10
D:/urbansound-fold10-augmented/102857-5-0-19.wav,0.01894784,4,engine_idling,0.49747631,0.47%,fold10
D:/urbansound-fold10-augmented/102857-5-0-2.wav,0.02293849,4,engine_idling,0.445788443,0.57%,fold10
D:/urbansound-fold10-augmented/102857-5-0-20.wav,0.023936033,4,engine_idling,0.495789379,0.60%,fold10
D:/urbansound-fold10-augmented/102857-5-0-21.wav,0.022938967,4,engine_idling,0.495162755,0.57%,fold10
D:/urbansound-fold10-augmented/102857-5-0-22.wav,0.020944357,4,engine_idling,0.483754039,0.52%,fold10
D:/urbansound-fold10-augmented/102857-5-0-23.wav,0.031914711,4,engine_idling,0.489622295,0.80%,fold10
D:/urbansound-fold10-augmented/102857-5-0-24.wav,0.019946575,4,engine_idling,0.488101035,0.50%,fold10
D:/urbansound-fold10-augmented/102857-5-0-25.wav,0.019946575,4,engine_idling,0.489687234,0.50%,fold10
D:/urbansound-fold10-augmented/102857-5-0-26.wav,0.017953157,4,engine_idling,0.440599054,0.45%,fold10
D:/urbansound-fold10-augmented/102857-5-0-27.wav,0.017953396,4,engine_idling,0.496964842,0.45%,fold10
D:/urbansound-fold10-augmented/102857-5-0-28.wav,0.017952442,4,engine_idling,0.538671196,0.45%,fold10
D:/urbansound-fold10-augmented/102857-5-0-29.wav,0.018949747,4,engine_idling,0.490610749,0.47%,fold10
D:/urbansound-fold10-augmented/102857-5-0-3.wav,0.017953157,4,engine_idling,0.447894573,0.45%,fold10
D:/urbansound-fold10-augmented/102857-5-0-30.wav,0.022936821,4,engine_idling,0.495376319,0.57%,fold10
D:/urbansound-fold10-augmented/102857-5-0-4.wav,0.01994729,4,engine_idling,0.498946488,0.50%,fold10
D:/urbansound-fold10-augmented/102857-5-0-5.wav,0.018951178,4,engine_idling,0.475467652,0.47%,fold10
D:/urbansound-fold10-augmented/102857-5-0-6.wav,0.017951488,4,engine_idling,0.480057597,0.45%,fold10
D:/urbansound-fold10-augmented/102857-5-0-7.wav,0.018951178,4,engine_idling,0.506876528,0.47%,fold10
D:/urbansound-fold10-augmented/102857-5-0-8.wav,0.017953157,4,engine_idling,0.477470785,0.45%,fold10
D:/urbansound-fold10-augmented/102857-5-0-9.wav,0.016954184,4,engine_idling,0.461035222,0.42%,fold10
D:/urbansound-fold10-augmented/103438-5-0-0.wav,0.017952442,4,engine_idling,0.309652507,0.45%,fold10
D:/urbansound-fold10-augmented/103438-5-0-1.wav,0.01994729,4,engine_idling,0.318217129,0.50%,fold10
D:/urbansound-fold10-augmented/103438-5-0-2.wav,0.01894784,4,children_playing,0.4154163,0.47%,fold10
D:/urbansound-fold10-augmented/106014-5-0-0.wav,0.015956879,4,engine_idling,0.662355304,0.40%,fold10
D:/urbansound-fold10-augmented/106014-5-0-1.wav,0.016956329,4,engine_idling,0.696255922,0.42%,fold10
D:/urbansound-fold10-augmented/106014-5-0-2.wav,0.018949986,4,engine_idling,0.717493534,0.47%,fold10
D:/urbansound-fold10-augmented/106014-5-0-3.wav,0.015957594,4,engine_idling,0.761572003,0.40%,fold10
D:/urbansound-fold10-augmented/106014-5-0-4.wav,0.017953396,4,engine_idling,0.72749424,0.45%,fold10
D:/urbansound-fold10-augmented/115241-9-0-1.wav,0.018524885,4,street_music,0.206962511,0.46%,fold10
D:/urbansound-fold10-augmented/115241-9-0-14.wav,0.020944595,4,street_music,0.332394004,0.52%,fold10
D:/urbansound-fold10-augmented/115241-9-0-2.wav,0.019946575,4,street_music,0.717169523,0.50%,fold10
D:/urbansound-fold10-augmented/115241-9-0-20.wav,0.018950224,4,street_music,0.26655376,0.47%,fold10
D:/urbansound-fold10-augmented/115241-9-0-6.wav,0.017951965,4,street_music,0.594721854,0.45%,fold10
D:/urbansound-fold10-augmented/115241-9-0-8.wav,0.016955137,4,street_music,0.410366297,0.42%,fold10
D:/urbansound-fold10-augmented/115241-9-0-9.wav,0.018949747,4,drilling,0.270544052,0.47%,fold10
D:/urbansound-fold10-augmented/115418-9-0-11.wav,0.02094388,4,siren,0.421370208,0.52%,fold10
D:/urbansound-fold10-augmented/115418-9-0-12.wav,0.026434183,4,siren,0.668324232,0.66%,fold10
D:/urbansound-fold10-augmented/115418-9-0-15.wav,0.019947052,4,street_music,0.782275736,0.50%,fold10
D:/urbansound-fold10-augmented/115418-9-0-20.wav,0.017951727,4,children_playing,0.288648844,0.45%,fold10
D:/urbansound-fold10-augmented/115418-9-0-29.wav,0.018950224,4,street_music,0.573583484,0.47%,fold10
D:/urbansound-fold10-augmented/115418-9-0-6.wav,0.018950224,4,street_music,0.508284092,0.47%,fold10
D:/urbansound-fold10-augmented/117889-9-0-12.wav,0.019945621,4,street_music,0.44667989,0.50%,fold10
D:/urbansound-fold10-augmented/117889-9-0-20.wav,0.017954111,4,street_music,0.639858842,0.45%,fold10
D:/urbansound-fold10-augmented/117889-9-0-30.wav,0.017951012,4,street_music,0.49220401,0.45%,fold10
D:/urbansound-fold10-augmented/117889-9-0-36.wav,0.018949747,4,street_music,0.418463826,0.47%,fold10
D:/urbansound-fold10-augmented/117889-9-0-39.wav,0.017011166,4,street_music,0.439994365,0.43%,fold10
D:/urbansound-fold10-augmented/117889-9-0-40.wav,0.017952204,4,street_music,0.708892107,0.45%,fold10
D:/urbansound-fold10-augmented/118278-4-0-0.wav,0.017951965,4,gun_shot,0.250845015,0.45%,fold10
D:/urbansound-fold10-augmented/118278-4-0-1.wav,0.01695466,4,siren,0.278869003,0.42%,fold10
D:/urbansound-fold10-augmented/118278-4-0-10.wav,0.018948793,4,siren,0.748946965,0.47%,fold10
D:/urbansound-fold10-augmented/118278-4-0-11.wav,0.020944118,4,siren,0.747482061,0.52%,fold10
D:/urbansound-fold10-augmented/118278-4-0-12.wav,0.019946814,4,siren,0.595942795,0.50%,fold10
D:/urbansound-fold10-augmented/118278-4-0-13.wav,0.018950462,4,children_playing,0.194739386,0.47%,fold10
D:/urbansound-fold10-augmented/118278-4-0-2.wav,0.019946575,4,engine_idling,0.301709145,0.50%,fold10
D:/urbansound-fold10-augmented/118278-4-0-3.wav,0.017951965,4,engine_idling,0.283050358,0.45%,fold10
D:/urbansound-fold10-augmented/118278-4-0-4.wav,0.018949747,4,children_playing,0.242820159,0.47%,fold10
D:/urbansound-fold10-augmented/118278-4-0-5.wav,0.031915665,4,siren,0.420089304,0.80%,fold10
D:/urbansound-fold10-augmented/118278-4-0-6.wav,0.016956329,4,siren,0.46859318,0.42%,fold10
D:/urbansound-fold10-augmented/118278-4-0-7.wav,0.017953157,4,siren,0.367697716,0.45%,fold10
D:/urbansound-fold10-augmented/118278-4-0-8.wav,0.01795435,4,jackhammer,0.352628499,0.45%,fold10
D:/urbansound-fold10-augmented/118278-4-0-9.wav,0.019945621,4,siren,0.497596711,0.50%,fold10
D:/urbansound-fold10-augmented/118558-5-0-0.wav,0.014960289,4,air_conditioner,0.331360698,0.37%,fold10
D:/urbansound-fold10-augmented/118558-5-0-1.wav,0.014018774,4,engine_idling,0.339868248,0.35%,fold10
D:/urbansound-fold10-augmented/118558-5-0-2.wav,0.014958143,4,engine_idling,0.298543543,0.37%,fold10
D:/urbansound-fold10-augmented/118558-5-1-0.wav,0.01496172,4,engine_idling,0.518904269,0.37%,fold10
D:/urbansound-fold10-augmented/118558-5-1-1.wav,0.0219419,4,engine_idling,0.474316567,0.55%,fold10
D:/urbansound-fold10-augmented/118558-5-1-2.wav,0.016953945,4,engine_idling,0.50935322,0.42%,fold10
D:/urbansound-fold10-augmented/118558-5-2-0.wav,0.014857531,4,engine_idling,0.665100753,0.37%,fold10
D:/urbansound-fold10-augmented/118558-5-2-1.wav,0.013964176,4,engine_idling,0.469050616,0.35%,fold10
D:/urbansound-fold10-augmented/118558-5-2-2.wav,0.014958858,4,engine_idling,0.521032631,0.37%,fold10
D:/urbansound-fold10-augmented/118558-5-2-3.wav,0.015343666,4,engine_idling,0.523471892,0.38%,fold10
D:/urbansound-fold10-augmented/119067-0-0-0.wav,0.017953634,4,jackhammer,0.477643818,0.45%,fold10
D:/urbansound-fold10-augmented/119067-0-0-1.wav,0.01894927,4,jackhammer,0.45955348,0.47%,fold10
D:/urbansound-fold10-augmented/119067-0-0-2.wav,0.02094388,4,jackhammer,0.527710021,0.52%,fold10
D:/urbansound-fold10-augmented/128240-3-0-1.wav,0.026927233,4,children_playing,0.484009534,0.67%,fold10
D:/urbansound-fold10-augmented/128240-3-0-20.wav,0.025441408,4,dog_bark,0.608751118,0.64%,fold10
D:/urbansound-fold10-augmented/128240-3-0-39.wav,0.023936033,4,dog_bark,0.958532572,0.60%,fold10
D:/urbansound-fold10-augmented/128240-3-0-42.wav,0.033070803,4,dog_bark,0.972470224,0.83%,fold10
D:/urbansound-fold10-augmented/128470-3-0-0.wav,0.02792573,4,dog_bark,0.852287948,0.70%,fold10
D:/urbansound-fold10-augmented/128470-3-0-1.wav,0.018948793,4,dog_bark,0.487043917,0.47%,fold10
D:/urbansound-fold10-augmented/128470-3-0-5.wav,0.017953873,4,dog_bark,0.677158356,0.45%,fold10
D:/urbansound-fold10-augmented/128470-3-0-8.wav,0.018949032,4,dog_bark,0.504319429,0.47%,fold10
D:/urbansound-fold10-augmented/129750-2-0-3.wav,0.019454479,4,drilling,0.193284124,0.49%,fold10
D:/urbansound-fold10-augmented/129750-2-0-34.wav,0.020945311,4,dog_bark,0.355163515,0.52%,fold10
D:/urbansound-fold10-augmented/129750-2-0-36.wav,0.017994404,4,siren,0.2944583,0.45%,fold10
D:/urbansound-fold10-augmented/129750-2-0-37.wav,0.018457651,4,children_playing,0.243483886,0.46%,fold10
D:/urbansound-fold10-augmented/129750-2-0-4.wav,0.017951488,4,gun_shot,0.957495451,0.45%,fold10
D:/urbansound-fold10-augmented/129750-2-0-45.wav,0.01894927,4,children_playing,0.270149589,0.47%,fold10
D:/urbansound-fold10-augmented/129750-2-0-46.wav,0.017952204,4,dog_bark,0.528014719,0.45%,fold10
D:/urbansound-fold10-augmented/129750-2-0-48.wav,0.017994881,4,siren,0.315449476,0.45%,fold10
D:/urbansound-fold10-augmented/136558-9-0-1.wav,0.018948793,4,street_music,0.439123005,0.47%,fold10
D:/urbansound-fold10-augmented/136558-9-0-2.wav,0.018948555,4,children_playing,0.69034344,0.47%,fold10
D:/urbansound-fold10-augmented/136558-9-1-10.wav,0.019946814,4,street_music,0.519192696,0.50%,fold10
D:/urbansound-fold10-augmented/136558-9-1-21.wav,0.018949509,4,children_playing,0.507704616,0.47%,fold10
D:/urbansound-fold10-augmented/136558-9-1-26.wav,0.018950701,4,children_playing,0.438613951,0.47%,fold10
D:/urbansound-fold10-augmented/136558-9-1-39.wav,0.018949747,4,street_music,0.832993567,0.47%,fold10
D:/urbansound-fold10-augmented/138017-9-0-2.wav,0.019946814,4,street_music,0.47087568,0.50%,fold10
D:/urbansound-fold10-augmented/138017-9-0-9.wav,0.019946098,4,street_music,0.689893484,0.50%,fold10
D:/urbansound-fold10-augmented/138017-9-1-10.wav,0.018990993,4,street_music,0.288355768,0.47%,fold10
D:/urbansound-fold10-augmented/138017-9-1-16.wav,0.018948555,4,street_music,0.551951528,0.47%,fold10
D:/urbansound-fold10-augmented/138017-9-1-4.wav,0.020985126,4,street_music,0.72203958,0.52%,fold10
D:/urbansound-fold10-augmented/138017-9-1-6.wav,0.017952919,4,street_music,0.489915282,0.45%,fold10
D:/urbansound-fold10-augmented/141240-5-0-0.wav,0.018948793,3.05,engine_idling,0.442331016,0.62%,fold10
D:/urbansound-fold10-augmented/141240-5-1-0.wav,0.01894927,2.85,engine_idling,0.338117361,0.66%,fold10
D:/urbansound-fold10-augmented/14468-3-0-2.wav,0.01900506,4,dog_bark,0.580153227,0.48%,fold10
D:/urbansound-fold10-augmented/14468-3-0-3.wav,0.018948555,4,children_playing,0.361828715,0.47%,fold10
D:/urbansound-fold10-augmented/14468-3-1-0.wav,0.01695466,2.146235828,dog_bark,0.387828916,0.79%,fold10
D:/urbansound-fold10-augmented/14468-3-5-0.wav,0.016986847,4,children_playing,0.2739079,0.42%,fold10
D:/urbansound-fold10-augmented/14470-2-0-10.wav,0.016955376,4,street_music,0.38948667,0.42%,fold10
D:/urbansound-fold10-augmented/14470-2-0-14.wav,0.028923035,4,children_playing,0.745047331,0.72%,fold10
D:/urbansound-fold10-augmented/14470-2-0-21.wav,0.019946814,4,dog_bark,0.622549415,0.50%,fold10
D:/urbansound-fold10-augmented/14470-2-0-4.wav,0.01994729,4,street_music,0.540761292,0.50%,fold10
D:/urbansound-fold10-augmented/14470-2-0-56.wav,0.018949509,4,dog_bark,0.454869211,0.47%,fold10
D:/urbansound-fold10-augmented/14470-2-0-65.wav,0.020986557,4,street_music,0.420352906,0.52%,fold10
D:/urbansound-fold10-augmented/14470-2-0-70.wav,0.016956806,4,dog_bark,0.49025473,0.42%,fold10
D:/urbansound-fold10-augmented/14470-2-0-72.wav,0.017952204,4,dog_bark,0.372463226,0.45%,fold10
D:/urbansound-fold10-augmented/146244-4-0-0.wav,0.014960289,2.046729167,drilling,0.900771022,0.73%,fold10
D:/urbansound-fold10-augmented/147491-9-0-0.wav,0.019948244,4,children_playing,0.593710482,0.50%,fold10
D:/urbansound-fold10-augmented/147491-9-0-5.wav,0.031916142,4,air_conditioner,0.300068289,0.80%,fold10
D:/urbansound-fold10-augmented/147491-9-2-10.wav,0.018948555,4,engine_idling,0.366017491,0.47%,fold10
D:/urbansound-fold10-augmented/147491-9-2-25.wav,0.018948317,4,street_music,0.372993886,0.47%,fold10
D:/urbansound-fold10-augmented/147491-9-2-32.wav,0.018949509,4,air_conditioner,0.314547092,0.47%,fold10
D:/urbansound-fold10-augmented/147491-9-2-6.wav,0.018949747,4,street_music,0.227621943,0.47%,fold10
D:/urbansound-fold10-augmented/155241-9-0-50.wav,0.020945311,4,street_music,0.376064777,0.52%,fold10
D:/urbansound-fold10-augmented/155241-9-0-56.wav,0.018416882,4,street_music,0.612466514,0.46%,fold10
D:/urbansound-fold10-augmented/155241-9-0-69.wav,0.020944834,4,street_music,0.922194123,0.52%,fold10
D:/urbansound-fold10-augmented/155241-9-0-79.wav,0.02098608,4,street_music,0.906247079,0.52%,fold10
D:/urbansound-fold10-augmented/155241-9-0-8.wav,0.019947529,4,street_music,0.853929639,0.50%,fold10
D:/urbansound-fold10-augmented/155241-9-0-88.wav,0.020944118,4,street_music,0.799304903,0.52%,fold10
D:/urbansound-fold10-augmented/155262-2-0-101.wav,0.017951965,4,children_playing,0.498871535,0.45%,fold10
D:/urbansound-fold10-augmented/155262-2-0-11.wav,0.020945072,4,jackhammer,0.261312336,0.52%,fold10
D:/urbansound-fold10-augmented/155262-2-0-15.wav,0.019988537,4,children_playing,0.310089946,0.50%,fold10
D:/urbansound-fold10-augmented/155262-2-0-2.wav,0.020945072,4,engine_idling,0.358552277,0.52%,fold10
D:/urbansound-fold10-augmented/155262-2-0-21.wav,0.018949032,4,children_playing,0.532577395,0.47%,fold10
D:/urbansound-fold10-augmented/155262-2-0-48.wav,0.018949509,4,jackhammer,0.205631331,0.47%,fold10
D:/urbansound-fold10-augmented/155262-2-0-58.wav,0.017953873,4,air_conditioner,0.582940578,0.45%,fold10
D:/urbansound-fold10-augmented/155262-2-0-63.wav,0.019947529,4,jackhammer,0.435693562,0.50%,fold10
D:/urbansound-fold10-augmented/155280-2-0-10.wav,0.02098608,4,children_playing,0.330919206,0.52%,fold10
D:/urbansound-fold10-augmented/155280-2-0-11.wav,0.019945621,4,children_playing,0.371764839,0.50%,fold10
D:/urbansound-fold10-augmented/155280-2-0-13.wav,0.019945621,4,children_playing,0.413201392,0.50%,fold10
D:/urbansound-fold10-augmented/155280-2-0-15.wav,0.018950462,4,air_conditioner,0.353803635,0.47%,fold10
D:/urbansound-fold10-augmented/155280-2-0-3.wav,0.018949747,4,children_playing,0.32038933,0.47%,fold10
D:/urbansound-fold10-augmented/155280-2-0-5.wav,0.020987034,4,children_playing,0.270356953,0.52%,fold10
D:/urbansound-fold10-augmented/155280-2-0-6.wav,0.019947052,4,engine_idling,0.234530792,0.50%,fold10
D:/urbansound-fold10-augmented/155280-2-0-7.wav,0.018949509,4,children_playing,0.22479865,0.47%,fold10
D:/urbansound-fold10-augmented/15544-5-0-0.wav,0.01994586,4,engine_idling,0.651638269,0.50%,fold10
D:/urbansound-fold10-augmented/15544-5-0-1.wav,0.019947052,4,engine_idling,0.734824479,0.50%,fold10
D:/urbansound-fold10-augmented/15544-5-0-10.wav,0.01845932,4,engine_idling,0.544068396,0.46%,fold10
D:/urbansound-fold10-augmented/15544-5-0-11.wav,0.019947529,4,engine_idling,0.675108016,0.50%,fold10
D:/urbansound-fold10-augmented/15544-5-0-12.wav,0.019947529,4,engine_idling,0.658525825,0.50%,fold10
D:/urbansound-fold10-augmented/15544-5-0-13.wav,0.020944595,4,engine_idling,0.719800234,0.52%,fold10
D:/urbansound-fold10-augmented/15544-5-0-14.wav,0.018949747,4,engine_idling,0.32433334,0.47%,fold10
D:/urbansound-fold10-augmented/15544-5-0-15.wav,0.018954754,4,gun_shot,0.431394875,0.47%,fold10
D:/urbansound-fold10-augmented/15544-5-0-16.wav,0.01994586,4,engine_idling,0.592255235,0.50%,fold10
D:/urbansound-fold10-augmented/15544-5-0-17.wav,0.021940231,4,engine_idling,0.661763966,0.55%,fold10
D:/urbansound-fold10-augmented/15544-5-0-18.wav,0.021943569,4,engine_idling,0.599731326,0.55%,fold10
D:/urbansound-fold10-augmented/15544-5-0-19.wav,0.021942139,4,engine_idling,0.568507493,0.55%,fold10
D:/urbansound-fold10-augmented/15544-5-0-2.wav,0.020945311,4,engine_idling,0.641236007,0.52%,fold10
D:/urbansound-fold10-augmented/15544-5-0-3.wav,0.021941423,4,engine_idling,0.668777049,0.55%,fold10
D:/urbansound-fold10-augmented/15544-5-0-4.wav,0.01994586,4,engine_idling,0.693917155,0.50%,fold10
D:/urbansound-fold10-augmented/15544-5-0-5.wav,0.017951727,4,engine_idling,0.664216042,0.45%,fold10
D:/urbansound-fold10-augmented/15544-5-0-6.wav,0.017953396,4,engine_idling,0.659420609,0.45%,fold10
D:/urbansound-fold10-augmented/15544-5-0-7.wav,0.020945311,4,engine_idling,0.694079995,0.52%,fold10
D:/urbansound-fold10-augmented/15544-5-0-8.wav,0.018951178,4,engine_idling,0.630245566,0.47%,fold10
D:/urbansound-fold10-augmented/15544-5-0-9.wav,0.019947767,4,engine_idling,0.526694894,0.50%,fold10
D:/urbansound-fold10-augmented/157207-6-0-0.wav,0.016462564,2.927959184,gun_shot,0.975213766,0.56%,fold10
D:/urbansound-fold10-augmented/157207-6-1-0.wav,0.017951488,3.199501134,gun_shot,0.988863766,0.56%,fold10
D:/urbansound-fold10-augmented/157207-6-10-0.wav,0.016000986,1.969047619,gun_shot,0.785085201,0.81%,fold10
D:/urbansound-fold10-augmented/157207-6-5-0.wav,0.017952204,2.077913832,gun_shot,0.53291291,0.86%,fold10
D:/urbansound-fold10-augmented/157207-6-9-0.wav,0.017952919,2.089705215,gun_shot,0.844111979,0.86%,fold10
D:/urbansound-fold10-augmented/159709-6-0-0.wav,0.018950939,1.92,gun_shot,0.931048632,0.99%,fold10
D:/urbansound-fold10-augmented/159742-8-0-0.wav,0.01994586,4,siren,0.498390615,0.50%,fold10
D:/urbansound-fold10-augmented/159742-8-0-1.wav,0.018949509,4,siren,0.868742228,0.47%,fold10
D:/urbansound-fold10-augmented/159742-8-0-10.wav,0.019946337,4,siren,0.26065734,0.50%,fold10
D:/urbansound-fold10-augmented/159742-8-0-11.wav,0.017951727,4,siren,0.73889482,0.45%,fold10
D:/urbansound-fold10-augmented/159742-8-0-12.wav,0.019948006,4,siren,0.915219486,0.50%,fold10
D:/urbansound-fold10-augmented/159742-8-0-13.wav,0.02094388,4,siren,0.803530097,0.52%,fold10
D:/urbansound-fold10-augmented/159742-8-0-14.wav,0.019945621,4,siren,0.620484471,0.50%,fold10
D:/urbansound-fold10-augmented/159742-8-0-2.wav,0.020986795,4,siren,0.963480771,0.52%,fold10
D:/urbansound-fold10-augmented/159742-8-0-3.wav,0.019990444,4,siren,0.966607094,0.50%,fold10
D:/urbansound-fold10-augmented/159742-8-0-4.wav,0.01994586,4,siren,0.736220062,0.50%,fold10
D:/urbansound-fold10-augmented/159742-8-0-5.wav,0.017951727,4,siren,0.875309408,0.45%,fold10
D:/urbansound-fold10-augmented/159742-8-0-6.wav,0.021941662,4,siren,0.689241529,0.55%,fold10
D:/urbansound-fold10-augmented/159742-8-0-7.wav,0.034907579,4,siren,0.868448853,0.87%,fold10
D:/urbansound-fold10-augmented/159742-8-0-8.wav,0.019948244,4,siren,0.773242354,0.50%,fold10
D:/urbansound-fold10-augmented/159742-8-0-9.wav,0.021941185,4,siren,0.777365148,0.55%,fold10
D:/urbansound-fold10-augmented/162134-7-0-0.wav,0.029921532,4,jackhammer,0.74199903,0.75%,fold10
D:/urbansound-fold10-augmented/162134-7-0-1.wav,0.024933338,4,drilling,0.551006496,0.62%,fold10
D:/urbansound-fold10-augmented/162134-7-0-2.wav,0.02293849,4,jackhammer,0.469474554,0.57%,fold10
D:/urbansound-fold10-augmented/162134-7-1-0.wav,0.023936033,3.73,jackhammer,0.718748569,0.64%,fold10
D:/urbansound-fold10-augmented/162134-7-10-0.wav,0.024934292,4,jackhammer,0.574183524,0.62%,fold10
D:/urbansound-fold10-augmented/162134-7-10-1.wav,0.025930882,4,engine_idling,0.872897267,0.65%,fold10
D:/urbansound-fold10-augmented/162134-7-10-2.wav,0.023936749,4,jackhammer,0.835974455,0.60%,fold10
D:/urbansound-fold10-augmented/162134-7-10-3.wav,0.025930166,4,jackhammer,0.795529902,0.65%,fold10
D:/urbansound-fold10-augmented/162134-7-11-0.wav,0.026928663,4,jackhammer,0.771407962,0.67%,fold10
D:/urbansound-fold10-augmented/162134-7-11-1.wav,0.024441719,4,jackhammer,0.68873316,0.61%,fold10
D:/urbansound-fold10-augmented/162134-7-11-2.wav,0.025929451,4,jackhammer,0.512302935,0.65%,fold10
D:/urbansound-fold10-augmented/162134-7-11-3.wav,0.02432251,4,jackhammer,0.909170866,0.61%,fold10
D:/urbansound-fold10-augmented/162134-7-11-4.wav,0.024934292,4,jackhammer,0.883495927,0.62%,fold10
D:/urbansound-fold10-augmented/162134-7-11-5.wav,0.02593112,4,jackhammer,0.593786299,0.65%,fold10
D:/urbansound-fold10-augmented/162134-7-11-6.wav,0.026928425,4,engine_idling,0.635528028,0.67%,fold10
D:/urbansound-fold10-augmented/162134-7-11-7.wav,0.024933338,4,jackhammer,0.657699108,0.62%,fold10
D:/urbansound-fold10-augmented/162134-7-12-0.wav,0.024933815,4,jackhammer,0.985055089,0.62%,fold10
D:/urbansound-fold10-augmented/162134-7-12-1.wav,0.027926207,4,jackhammer,0.992670476,0.70%,fold10
D:/urbansound-fold10-augmented/162134-7-12-2.wav,0.02692771,4,jackhammer,0.944865584,0.67%,fold10
D:/urbansound-fold10-augmented/162134-7-12-3.wav,0.02393651,4,jackhammer,0.963461876,0.60%,fold10
D:/urbansound-fold10-augmented/162134-7-12-4.wav,0.027926207,4,jackhammer,0.955662906,0.70%,fold10
D:/urbansound-fold10-augmented/162134-7-13-0.wav,0.025930882,4,jackhammer,0.757682621,0.65%,fold10
D:/urbansound-fold10-augmented/162134-7-13-1.wav,0.027924299,4,jackhammer,0.50066191,0.70%,fold10
D:/urbansound-fold10-augmented/162134-7-13-2.wav,0.027924776,4,jackhammer,0.866706014,0.70%,fold10
D:/urbansound-fold10-augmented/162134-7-13-3.wav,0.025929689,4,jackhammer,0.974587739,0.65%,fold10
D:/urbansound-fold10-augmented/162134-7-13-4.wav,0.025929213,4,jackhammer,0.491160989,0.65%,fold10
D:/urbansound-fold10-augmented/162134-7-14-0.wav,0.023934841,4,jackhammer,0.838264227,0.60%,fold10
D:/urbansound-fold10-augmented/162134-7-14-1.wav,0.026928186,4,jackhammer,0.89908731,0.67%,fold10
D:/urbansound-fold10-augmented/162134-7-14-2.wav,0.023934841,4,jackhammer,0.961830139,0.60%,fold10
D:/urbansound-fold10-augmented/162134-7-15-0.wav,0.026928425,4,jackhammer,0.572909474,0.67%,fold10
D:/urbansound-fold10-augmented/162134-7-15-1.wav,0.024933815,4,engine_idling,0.722556114,0.62%,fold10
D:/urbansound-fold10-augmented/162134-7-15-2.wav,0.024933577,4,jackhammer,0.849284232,0.62%,fold10
D:/urbansound-fold10-augmented/162134-7-15-3.wav,0.023934364,4,jackhammer,0.981938899,0.60%,fold10
D:/urbansound-fold10-augmented/162134-7-15-4.wav,0.02692771,4,jackhammer,0.72369951,0.67%,fold10
D:/urbansound-fold10-augmented/162134-7-16-0.wav,0.028922796,4,jackhammer,0.660224855,0.72%,fold10
D:/urbansound-fold10-augmented/162134-7-16-1.wav,0.024933338,4,jackhammer,0.758464694,0.62%,fold10
D:/urbansound-fold10-augmented/162134-7-17-0.wav,0.023979187,4,jackhammer,0.991692007,0.60%,fold10
D:/urbansound-fold10-augmented/162134-7-17-1.wav,0.025931358,4,jackhammer,0.997115374,0.65%,fold10
D:/urbansound-fold10-augmented/162134-7-17-2.wav,0.025930882,4,jackhammer,0.961687863,0.65%,fold10
D:/urbansound-fold10-augmented/162134-7-17-3.wav,0.023935795,4,jackhammer,0.803607583,0.60%,fold10
D:/urbansound-fold10-augmented/162134-7-17-4.wav,0.02393508,4,jackhammer,0.911366463,0.60%,fold10
D:/urbansound-fold10-augmented/162134-7-2-0.wav,0.029918909,4,jackhammer,0.46231398,0.75%,fold10
D:/urbansound-fold10-augmented/162134-7-3-0.wav,0.024932146,4,street_music,0.584665596,0.62%,fold10
D:/urbansound-fold10-augmented/162134-7-4-0.wav,0.020944357,2.52,jackhammer,0.569345772,0.83%,fold10
D:/urbansound-fold10-augmented/162134-7-5-0.wav,0.020945311,1.98,children_playing,0.594671905,1.06%,fold10
D:/urbansound-fold10-augmented/162134-7-6-0.wav,0.021456957,1.8,children_playing,0.39288348,1.19%,fold10
D:/urbansound-fold10-augmented/162134-7-7-0.wav,0.025930882,4,dog_bark,0.231027067,0.65%,fold10
D:/urbansound-fold10-augmented/162134-7-7-1.wav,0.02593112,4,jackhammer,0.915850282,0.65%,fold10
D:/urbansound-fold10-augmented/162134-7-8-0.wav,0.025931358,4,jackhammer,0.922495902,0.65%,fold10
D:/urbansound-fold10-augmented/162134-7-8-1.wav,0.027925014,4,jackhammer,0.573613763,0.70%,fold10
D:/urbansound-fold10-augmented/162134-7-8-2.wav,0.02692771,4,engine_idling,0.707105815,0.67%,fold10
D:/urbansound-fold10-augmented/162134-7-8-3.wav,0.026928425,4,engine_idling,0.692312002,0.67%,fold10
D:/urbansound-fold10-augmented/162134-7-8-4.wav,0.025924444,4,engine_idling,0.562753201,0.65%,fold10
D:/urbansound-fold10-augmented/162134-7-8-5.wav,0.023937225,4,engine_idling,0.642632484,0.60%,fold10
D:/urbansound-fold10-augmented/162134-7-8-6.wav,0.026218891,4,engine_idling,0.953234732,0.66%,fold10
D:/urbansound-fold10-augmented/162134-7-8-7.wav,0.027926445,4,engine_idling,0.899635792,0.70%,fold10
D:/urbansound-fold10-augmented/162134-7-9-0.wav,0.042392015,4,jackhammer,0.775644839,1.06%,fold10
D:/urbansound-fold10-augmented/162134-7-9-1.wav,0.023936033,4,jackhammer,0.903115153,0.60%,fold10
D:/urbansound-fold10-augmented/162134-7-9-2.wav,0.023935556,4,jackhammer,0.937886834,0.60%,fold10
D:/urbansound-fold10-augmented/162134-7-9-3.wav,0.024935007,4,jackhammer,0.556369007,0.62%,fold10
D:/urbansound-fold10-augmented/162134-7-9-4.wav,0.024933815,4,jackhammer,0.761931002,0.62%,fold10
D:/urbansound-fold10-augmented/164194-2-0-10.wav,0.018950462,4,children_playing,0.268408805,0.47%,fold10
D:/urbansound-fold10-augmented/164194-2-0-11.wav,0.02094388,4,children_playing,0.682911634,0.52%,fold10
D:/urbansound-fold10-augmented/164194-2-0-14.wav,0.019946337,4,children_playing,0.68432498,0.50%,fold10
D:/urbansound-fold10-augmented/164194-2-0-18.wav,0.019945383,4,children_playing,0.62856859,0.50%,fold10
D:/urbansound-fold10-augmented/164194-2-0-24.wav,0.019947052,4,children_playing,0.424711525,0.50%,fold10
D:/urbansound-fold10-augmented/164194-2-0-26.wav,0.018949747,4,children_playing,0.433651775,0.47%,fold10
D:/urbansound-fold10-augmented/164194-2-0-29.wav,0.01994586,4,children_playing,0.720325828,0.50%,fold10
D:/urbansound-fold10-augmented/164194-2-0-7.wav,0.020003796,4,street_music,0.632333815,0.50%,fold10
D:/urbansound-fold10-augmented/164377-9-0-16.wav,0.020945072,4,street_music,0.554635346,0.52%,fold10
D:/urbansound-fold10-augmented/164377-9-1-15.wav,0.018951178,4,street_music,0.719918847,0.47%,fold10
D:/urbansound-fold10-augmented/164377-9-1-3.wav,0.016956091,4,street_music,0.54969424,0.42%,fold10
D:/urbansound-fold10-augmented/164377-9-1-36.wav,0.018948793,4,street_music,0.427745879,0.47%,fold10
D:/urbansound-fold10-augmented/164377-9-1-43.wav,0.018949509,4,street_music,0.635616124,0.47%,fold10
D:/urbansound-fold10-augmented/164377-9-1-50.wav,0.017952442,4,drilling,0.226904437,0.45%,fold10
D:/urbansound-fold10-augmented/164377-9-1-92.wav,0.020944118,4,street_music,0.48801738,0.52%,fold10
D:/urbansound-fold10-augmented/165166-8-0-0.wav,0.01894784,4,siren,0.208100304,0.47%,fold10
D:/urbansound-fold10-augmented/165166-8-0-1.wav,0.033416271,4,siren,0.357960224,0.84%,fold10
D:/urbansound-fold10-augmented/165166-8-0-2.wav,0.019946814,4,dog_bark,0.548884511,0.50%,fold10
D:/urbansound-fold10-augmented/165166-8-0-3.wav,0.020942211,4,children_playing,0.274829209,0.52%,fold10
D:/urbansound-fold10-augmented/165166-8-0-4.wav,0.018950462,4,siren,0.519743502,0.47%,fold10
D:/urbansound-fold10-augmented/165166-8-0-5.wav,0.019946814,4,siren,0.519130766,0.50%,fold10
D:/urbansound-fold10-augmented/165166-8-0-6.wav,0.018948078,4,siren,0.564561069,0.47%,fold10
D:/urbansound-fold10-augmented/165166-8-0-7.wav,0.019946575,4,dog_bark,0.595265031,0.50%,fold10
D:/urbansound-fold10-augmented/165166-8-0-8.wav,0.01894927,4,children_playing,0.324016869,0.47%,fold10
D:/urbansound-fold10-augmented/165640-4-0-0.wav,0.019945383,4,drilling,0.350706756,0.50%,fold10
D:/urbansound-fold10-augmented/165640-4-0-1.wav,0.020944118,4,drilling,0.591580689,0.52%,fold10
D:/urbansound-fold10-augmented/165640-4-0-2.wav,0.019946575,4,drilling,0.608415067,0.50%,fold10
D:/urbansound-fold10-augmented/167464-0-0-0.wav,0.018950462,4,air_conditioner,0.371729523,0.47%,fold10
D:/urbansound-fold10-augmented/167464-0-0-1.wav,0.018949509,4,jackhammer,0.428610772,0.47%,fold10
D:/urbansound-fold10-augmented/167464-0-0-10.wav,0.01894927,4,engine_idling,0.190473601,0.47%,fold10
D:/urbansound-fold10-augmented/167464-0-0-11.wav,0.019946814,4,siren,0.27180925,0.50%,fold10
D:/urbansound-fold10-augmented/167464-0-0-12.wav,0.018950462,4,air_conditioner,0.392048448,0.47%,fold10
D:/urbansound-fold10-augmented/167464-0-0-13.wav,0.021941185,4,air_conditioner,0.36224696,0.55%,fold10
D:/urbansound-fold10-augmented/167464-0-0-14.wav,0.016955614,4,air_conditioner,0.461355716,0.42%,fold10
D:/urbansound-fold10-augmented/167464-0-0-15.wav,0.019947529,4,air_conditioner,0.357329011,0.50%,fold10
D:/urbansound-fold10-augmented/167464-0-0-16.wav,0.017951965,4,air_conditioner,0.494165748,0.45%,fold10
D:/urbansound-fold10-augmented/167464-0-0-17.wav,0.018949509,4,air_conditioner,0.496811509,0.47%,fold10
D:/urbansound-fold10-augmented/167464-0-0-18.wav,0.036943913,4,air_conditioner,0.613512337,0.92%,fold10
D:/urbansound-fold10-augmented/167464-0-0-19.wav,0.02094388,4,air_conditioner,0.729200482,0.52%,fold10
D:/urbansound-fold10-augmented/167464-0-0-2.wav,0.026927471,4,jackhammer,0.425291091,0.67%,fold10
D:/urbansound-fold10-augmented/167464-0-0-20.wav,0.017952442,4,air_conditioner,0.329065949,0.45%,fold10
D:/urbansound-fold10-augmented/167464-0-0-21.wav,0.021939993,4,air_conditioner,0.448197186,0.55%,fold10
D:/urbansound-fold10-augmented/167464-0-0-22.wav,0.020942926,4,engine_idling,0.26351124,0.52%,fold10
D:/urbansound-fold10-augmented/167464-0-0-23.wav,0.019946337,4,gun_shot,0.373523355,0.50%,fold10
D:/urbansound-fold10-augmented/167464-0-0-24.wav,0.020942926,4,siren,0.298003316,0.52%,fold10
D:/urbansound-fold10-augmented/167464-0-0-3.wav,0.021983862,4,jackhammer,0.313512594,0.55%,fold10
D:/urbansound-fold10-augmented/167464-0-0-4.wav,0.021983862,4,air_conditioner,0.39799881,0.55%,fold10
D:/urbansound-fold10-augmented/167464-0-0-5.wav,0.021942377,4,jackhammer,0.427311033,0.55%,fold10
D:/urbansound-fold10-augmented/167464-0-0-6.wav,0.018949509,4,children_playing,0.313884258,0.47%,fold10
D:/urbansound-fold10-augmented/167464-0-0-7.wav,0.017952442,4,children_playing,0.339652866,0.45%,fold10
D:/urbansound-fold10-augmented/167464-0-0-8.wav,0.018949747,4,jackhammer,0.418400526,0.47%,fold10
D:/urbansound-fold10-augmented/167464-0-0-9.wav,0.01894927,4,air_conditioner,0.381251335,0.47%,fold10
D:/urbansound-fold10-augmented/167750-4-0-0.wav,0.017010212,2.5,gun_shot,0.191507399,0.68%,fold10
D:/urbansound-fold10-augmented/167750-4-1-0.wav,0.018949509,4,drilling,0.282459497,0.47%,fold10
D:/urbansound-fold10-augmented/169261-6-0-0.wav,0.01695466,1.66,gun_shot,0.758448184,1.02%,fold10
D:/urbansound-fold10-augmented/171478-9-0-26.wav,0.019946575,4,street_music,0.479743361,0.50%,fold10
D:/urbansound-fold10-augmented/171478-9-0-28.wav,0.020944118,4,street_music,0.435635865,0.52%,fold10
D:/urbansound-fold10-augmented/171478-9-0-38.wav,0.020945072,4,children_playing,0.340452105,0.52%,fold10
D:/urbansound-fold10-augmented/171478-9-0-4.wav,0.017952681,4,street_music,0.619836092,0.45%,fold10
D:/urbansound-fold10-augmented/171478-9-0-55.wav,0.017952204,4,street_music,0.351988435,0.45%,fold10
D:/urbansound-fold10-augmented/171478-9-0-57.wav,0.020944595,4,children_playing,0.378971577,0.52%,fold10
D:/urbansound-fold10-augmented/171478-9-0-58.wav,0.018950939,4,children_playing,0.311441541,0.47%,fold10
D:/urbansound-fold10-augmented/172519-9-0-10.wav,0.018948078,4,street_music,0.474333972,0.47%,fold10
D:/urbansound-fold10-augmented/172519-9-0-13.wav,0.019945621,4,street_music,0.723496258,0.50%,fold10
D:/urbansound-fold10-augmented/172519-9-0-49.wav,0.020944118,4,street_music,0.687256634,0.52%,fold10
D:/urbansound-fold10-augmented/172519-9-0-53.wav,0.017952919,4,street_music,0.775230885,0.45%,fold10
D:/urbansound-fold10-augmented/172519-9-0-67.wav,0.01994729,4,street_music,0.351594806,0.50%,fold10
D:/urbansound-fold10-augmented/172519-9-0-8.wav,0.018949747,4,children_playing,0.328406334,0.47%,fold10
D:/urbansound-fold10-augmented/174289-6-0-0.wav,0.017952204,2.22,gun_shot,0.899018645,0.81%,fold10
D:/urbansound-fold10-augmented/174289-6-1-0.wav,0.016954899,2.349291667,gun_shot,0.949411452,0.72%,fold10
D:/urbansound-fold10-augmented/174289-6-2-0.wav,0.016956329,2.46,gun_shot,0.926224947,0.69%,fold10
D:/urbansound-fold10-augmented/174289-6-3-0.wav,0.01695466,2.236645833,gun_shot,0.939802349,0.76%,fold10
D:/urbansound-fold10-augmented/174292-6-0-0.wav,0.01695466,2.929375,gun_shot,0.970891953,0.58%,fold10
D:/urbansound-fold10-augmented/174292-6-1-0.wav,0.017952442,2.89,gun_shot,0.963563144,0.62%,fold10
D:/urbansound-fold10-augmented/174292-6-2-0.wav,0.017952442,3.488270833,gun_shot,0.968458474,0.51%,fold10
D:/urbansound-fold10-augmented/175850-1-0-0.wav,0.017951012,1.74,drilling,0.553986549,1.03%,fold10
D:/urbansound-fold10-augmented/178261-7-0-0.wav,0.015958786,1.8,jackhammer,0.23637329,0.89%,fold10
D:/urbansound-fold10-augmented/178261-7-1-0.wav,0.020945311,4,jackhammer,0.605864167,0.52%,fold10
D:/urbansound-fold10-augmented/178261-7-2-0.wav,0.018950701,4,jackhammer,0.604154468,0.47%,fold10
D:/urbansound-fold10-augmented/178261-7-3-0.wav,0.01894927,4,jackhammer,0.877224445,0.47%,fold10
D:/urbansound-fold10-augmented/178261-7-3-1.wav,0.018949032,4,jackhammer,0.827321351,0.47%,fold10
D:/urbansound-fold10-augmented/178261-7-3-2.wav,0.019947767,4,jackhammer,0.764612138,0.50%,fold10
D:/urbansound-fold10-augmented/178261-7-3-3.wav,0.018009424,4,engine_idling,0.599403441,0.45%,fold10
D:/urbansound-fold10-augmented/178261-7-3-4.wav,0.021940231,4,engine_idling,0.655238271,0.55%,fold10
D:/urbansound-fold10-augmented/178261-7-3-5.wav,0.019948721,4,engine_idling,0.562525868,0.50%,fold10
D:/urbansound-fold10-augmented/178261-7-3-6.wav,0.018948317,4,engine_idling,0.628022254,0.47%,fold10
D:/urbansound-fold10-augmented/178402-1-0-0.wav,0.014959812,2.045145833,car_horn,0.381596655,0.73%,fold10
D:/urbansound-fold10-augmented/178826-2-0-10.wav,0.018948793,4,children_playing,0.750784099,0.47%,fold10
D:/urbansound-fold10-augmented/178826-2-0-12.wav,0.019453764,4,children_playing,0.780479491,0.49%,fold10
D:/urbansound-fold10-augmented/178826-2-0-14.wav,0.019947052,4,children_playing,0.704521179,0.50%,fold10
D:/urbansound-fold10-augmented/178826-2-0-16.wav,0.018949509,4,children_playing,0.56963861,0.47%,fold10
D:/urbansound-fold10-augmented/178826-2-0-17.wav,0.019947052,4,children_playing,0.578603804,0.50%,fold10
D:/urbansound-fold10-augmented/178826-2-0-20.wav,0.034906864,4,street_music,0.503472507,0.87%,fold10
D:/urbansound-fold10-augmented/178826-2-0-28.wav,0.019946575,4,children_playing,0.843514383,0.50%,fold10
D:/urbansound-fold10-augmented/178826-2-0-39.wav,0.017953396,4,children_playing,0.704023898,0.45%,fold10
D:/urbansound-fold10-augmented/179868-1-0-0.wav,0.017953157,2.15,drilling,0.38716507,0.84%,fold10
D:/urbansound-fold10-augmented/180127-4-0-0.wav,0.017953157,4,siren,0.308208436,0.45%,fold10
D:/urbansound-fold10-augmented/180127-4-0-1.wav,0.018949747,4,drilling,0.302705258,0.47%,fold10
D:/urbansound-fold10-augmented/180127-4-0-10.wav,0.018987179,4,engine_idling,0.420173436,0.47%,fold10
D:/urbansound-fold10-augmented/180127-4-0-11.wav,0.018836737,4,engine_idling,0.414874405,0.47%,fold10
D:/urbansound-fold10-augmented/180127-4-0-12.wav,0.019947052,4,drilling,0.362847477,0.50%,fold10
D:/urbansound-fold10-augmented/180127-4-0-13.wav,0.01994729,4,engine_idling,0.328722209,0.50%,fold10
D:/urbansound-fold10-augmented/180127-4-0-14.wav,0.032219172,4,engine_idling,0.369783908,0.81%,fold10
D:/urbansound-fold10-augmented/180127-4-0-15.wav,0.032911539,4,drilling,0.396207541,0.82%,fold10
D:/urbansound-fold10-augmented/180127-4-0-16.wav,0.017953396,4,drilling,0.431150794,0.45%,fold10
D:/urbansound-fold10-augmented/180127-4-0-17.wav,0.01994586,4,drilling,0.450711578,0.50%,fold10
D:/urbansound-fold10-augmented/180127-4-0-18.wav,0.019946337,4,drilling,0.48173213,0.50%,fold10
D:/urbansound-fold10-augmented/180127-4-0-19.wav,0.01894927,4,drilling,0.389364511,0.47%,fold10
D:/urbansound-fold10-augmented/180127-4-0-2.wav,0.031914949,4,drilling,0.62945962,0.80%,fold10
D:/urbansound-fold10-augmented/180127-4-0-20.wav,0.019947052,4,drilling,0.437947005,0.50%,fold10
D:/urbansound-fold10-augmented/180127-4-0-21.wav,0.017951965,4,drilling,0.522526205,0.45%,fold10
D:/urbansound-fold10-augmented/180127-4-0-3.wav,0.018948078,4,engine_idling,0.497654498,0.47%,fold10
D:/urbansound-fold10-augmented/180127-4-0-4.wav,0.019947529,4,engine_idling,0.454677135,0.50%,fold10
D:/urbansound-fold10-augmented/180127-4-0-5.wav,0.016955853,4,drilling,0.399590611,0.42%,fold10
D:/urbansound-fold10-augmented/180127-4-0-6.wav,0.017952442,4,engine_idling,0.373894274,0.45%,fold10
D:/urbansound-fold10-augmented/180127-4-0-7.wav,0.019946814,4,engine_idling,0.429527014,0.50%,fold10
D:/urbansound-fold10-augmented/180127-4-0-8.wav,0.018948793,4,engine_idling,0.436190665,0.47%,fold10
D:/urbansound-fold10-augmented/180127-4-0-9.wav,0.018949509,4,engine_idling,0.344463348,0.47%,fold10
D:/urbansound-fold10-augmented/181624-4-0-0.wav,0.015957355,2.307800454,drilling,0.937889576,0.69%,fold10
D:/urbansound-fold10-augmented/181624-4-1-0.wav,0.014960051,4,drilling,0.982531369,0.37%,fold10
D:/urbansound-fold10-augmented/181624-4-10-0.wav,0.014960527,2.28,drilling,0.834233522,0.66%,fold10
D:/urbansound-fold10-augmented/181624-4-2-0.wav,0.015958786,2.65,drilling,0.938456178,0.60%,fold10
D:/urbansound-fold10-augmented/181624-4-9-0.wav,0.015957117,1.96,drilling,0.965966165,0.81%,fold10
D:/urbansound-fold10-augmented/187110-2-0-1.wav,0.01795125,4,children_playing,0.499112159,0.45%,fold10
D:/urbansound-fold10-augmented/187110-2-0-10.wav,0.018455982,4,siren,0.454127967,0.46%,fold10
D:/urbansound-fold10-augmented/187110-2-0-12.wav,0.020943403,4,children_playing,0.528747261,0.52%,fold10
D:/urbansound-fold10-augmented/187110-2-0-27.wav,0.019946098,4,street_music,0.387722731,0.50%,fold10
D:/urbansound-fold10-augmented/187110-2-0-30.wav,0.019947767,4,children_playing,0.651884437,0.50%,fold10
D:/urbansound-fold10-augmented/187110-2-0-34.wav,0.017953873,4,children_playing,0.545924246,0.45%,fold10
D:/urbansound-fold10-augmented/187110-2-0-6.wav,0.032399654,4,gun_shot,0.414023161,0.81%,fold10
D:/urbansound-fold10-augmented/187110-2-0-8.wav,0.01795125,4,siren,0.780253291,0.45%,fold10
D:/urbansound-fold10-augmented/188497-2-0-0.wav,0.015957832,4,children_playing,0.508924842,0.40%,fold10
D:/urbansound-fold10-augmented/188497-2-0-1.wav,0.015957594,4,children_playing,0.637520492,0.40%,fold10
D:/urbansound-fold10-augmented/188497-2-0-11.wav,0.01695466,4,children_playing,0.827371418,0.42%,fold10
D:/urbansound-fold10-augmented/188497-2-0-17.wav,0.014969349,4,children_playing,0.433829725,0.37%,fold10
D:/urbansound-fold10-augmented/188497-2-0-19.wav,0.016954899,4,siren,0.575148165,0.42%,fold10
D:/urbansound-fold10-augmented/188497-2-0-2.wav,0.014960527,4,children_playing,0.729783297,0.37%,fold10
D:/urbansound-fold10-augmented/188497-2-0-23.wav,0.016013145,4,siren,0.3683483,0.40%,fold10
D:/urbansound-fold10-augmented/188497-2-0-8.wav,0.016954899,4,siren,0.474944621,0.42%,fold10
D:/urbansound-fold10-augmented/188813-7-0-0.wav,0.025932074,0.84,drilling,0.387305558,3.09%,fold10
D:/urbansound-fold10-augmented/188813-7-1-0.wav,0.020945549,2,jackhammer,0.967683136,1.05%,fold10
D:/urbansound-fold10-augmented/188813-7-10-0.wav,0.023936033,4,jackhammer,0.963671267,0.60%,fold10
D:/urbansound-fold10-augmented/188813-7-10-1.wav,0.023937702,4,jackhammer,0.814951122,0.60%,fold10
D:/urbansound-fold10-augmented/188813-7-10-2.wav,0.033417225,4,jackhammer,0.841701508,0.84%,fold10
D:/urbansound-fold10-augmented/188813-7-10-3.wav,0.02593112,4,jackhammer,0.933339596,0.65%,fold10
D:/urbansound-fold10-augmented/188813-7-11-0.wav,0.022938728,4,jackhammer,0.982299387,0.57%,fold10
D:/urbansound-fold10-augmented/188813-7-11-1.wav,0.023937702,4,jackhammer,0.993060529,0.60%,fold10
D:/urbansound-fold10-augmented/188813-7-12-0.wav,0.017997742,1.03,drilling,0.476496458,1.75%,fold10
D:/urbansound-fold10-augmented/188813-7-13-0.wav,0.021942139,2.649260417,jackhammer,0.954712391,0.83%,fold10
D:/urbansound-fold10-augmented/188813-7-2-0.wav,0.017970085,1.55,jackhammer,0.558926582,1.16%,fold10
D:/urbansound-fold10-augmented/188813-7-3-0.wav,0.018950701,2.326177083,jackhammer,0.442390651,0.81%,fold10
D:/urbansound-fold10-augmented/188813-7-4-0.wav,0.021997929,3.03696875,jackhammer,0.717328608,0.72%,fold10
D:/urbansound-fold10-augmented/188813-7-5-0.wav,0.018949986,1.87,jackhammer,0.724690378,1.01%,fold10
D:/urbansound-fold10-augmented/188813-7-6-0.wav,0.019946098,2.26,jackhammer,0.824097276,0.88%,fold10
D:/urbansound-fold10-augmented/188813-7-7-0.wav,0.022940636,3.295427083,jackhammer,0.975649893,0.70%,fold10
D:/urbansound-fold10-augmented/188813-7-8-0.wav,0.019950151,2.13,jackhammer,0.980952322,0.94%,fold10
D:/urbansound-fold10-augmented/188813-7-9-0.wav,0.024933577,3.295427083,jackhammer,0.925678492,0.76%,fold10
D:/urbansound-fold10-augmented/189982-0-0-11.wav,0.017910719,4,air_conditioner,0.680466771,0.45%,fold10
D:/urbansound-fold10-augmented/189982-0-0-13.wav,0.017951727,4,air_conditioner,0.583254457,0.45%,fold10
D:/urbansound-fold10-augmented/189982-0-0-16.wav,0.017951965,4,air_conditioner,0.771126151,0.45%,fold10
D:/urbansound-fold10-augmented/189982-0-0-17.wav,0.019947529,4,air_conditioner,0.763417721,0.50%,fold10
D:/urbansound-fold10-augmented/189982-0-0-18.wav,0.017951965,4,air_conditioner,0.650829971,0.45%,fold10
D:/urbansound-fold10-augmented/189982-0-0-19.wav,0.019946337,4,air_conditioner,0.695100605,0.50%,fold10
D:/urbansound-fold10-augmented/189982-0-0-2.wav,0.030917168,4,air_conditioner,0.629912794,0.77%,fold10
D:/urbansound-fold10-augmented/189982-0-0-20.wav,0.019946575,4,air_conditioner,0.621373236,0.50%,fold10
D:/urbansound-fold10-augmented/189982-0-0-23.wav,0.017952681,4,air_conditioner,0.663926125,0.45%,fold10
D:/urbansound-fold10-augmented/189982-0-0-27.wav,0.019458294,4,air_conditioner,0.594073236,0.49%,fold10
D:/urbansound-fold10-augmented/189982-0-0-28.wav,0.016992331,4,air_conditioner,0.716719687,0.42%,fold10
D:/urbansound-fold10-augmented/189982-0-0-3.wav,0.019945621,4,air_conditioner,0.756631851,0.50%,fold10
D:/urbansound-fold10-augmented/189982-0-0-30.wav,0.018949509,4,air_conditioner,0.645050704,0.47%,fold10
D:/urbansound-fold10-augmented/189982-0-0-33.wav,0.017952919,4,air_conditioner,0.592271447,0.45%,fold10
D:/urbansound-fold10-augmented/189982-0-0-35.wav,0.018949986,4,air_conditioner,0.709701121,0.47%,fold10
D:/urbansound-fold10-augmented/189982-0-0-36.wav,0.019945621,4,air_conditioner,0.544336557,0.50%,fold10
D:/urbansound-fold10-augmented/189982-0-0-38.wav,0.018948793,4,air_conditioner,0.722146749,0.47%,fold10
D:/urbansound-fold10-augmented/189982-0-0-39.wav,0.017951488,4,air_conditioner,0.556728184,0.45%,fold10
D:/urbansound-fold10-augmented/189982-0-0-4.wav,0.033909798,4,air_conditioner,0.57175535,0.85%,fold10
D:/urbansound-fold10-augmented/189982-0-0-42.wav,0.017952919,4,air_conditioner,0.746905923,0.45%,fold10
D:/urbansound-fold10-augmented/189982-0-0-43.wav,0.019946575,4,air_conditioner,0.658393025,0.50%,fold10
D:/urbansound-fold10-augmented/189982-0-0-44.wav,0.020943642,4,air_conditioner,0.633987904,0.52%,fold10
D:/urbansound-fold10-augmented/189982-0-0-45.wav,0.018517494,4,air_conditioner,0.729823709,0.46%,fold10
D:/urbansound-fold10-augmented/189982-0-0-6.wav,0.017951965,4,air_conditioner,0.514415264,0.45%,fold10
D:/urbansound-fold10-augmented/189982-0-0-7.wav,0.020006418,4,air_conditioner,0.54439038,0.50%,fold10
D:/urbansound-fold10-augmented/189985-0-0-0.wav,0.01894784,4,air_conditioner,0.261621743,0.47%,fold10
D:/urbansound-fold10-augmented/189985-0-0-1.wav,0.031915188,4,air_conditioner,0.419331372,0.80%,fold10
D:/urbansound-fold10-augmented/189985-0-0-2.wav,0.017464399,4,air_conditioner,0.707848847,0.44%,fold10
D:/urbansound-fold10-augmented/189985-0-0-3.wav,0.01894927,4,air_conditioner,0.648694038,0.47%,fold10
D:/urbansound-fold10-augmented/189985-0-0-4.wav,0.020944595,4,engine_idling,0.416353941,0.52%,fold10
D:/urbansound-fold10-augmented/189985-0-0-5.wav,0.017954111,4,air_conditioner,0.711337745,0.45%,fold10
D:/urbansound-fold10-augmented/189985-0-0-6.wav,0.032914162,4,air_conditioner,0.528952777,0.82%,fold10
D:/urbansound-fold10-augmented/195063-4-0-0.wav,0.017284632,4,drilling,0.988900006,0.43%,fold10
D:/urbansound-fold10-augmented/195063-4-1-0.wav,0.016000748,4,drilling,0.964111745,0.40%,fold10
D:/urbansound-fold10-augmented/196069-2-0-0.wav,0.018949986,3.148163265,children_playing,0.659676254,0.60%,fold10
D:/urbansound-fold10-augmented/196084-2-0-0.wav,0.018949986,4,dog_bark,0.736887515,0.47%,fold10
D:/urbansound-fold10-augmented/196084-2-0-1.wav,0.030917645,4,dog_bark,0.529993355,0.77%,fold10
D:/urbansound-fold10-augmented/196084-2-0-2.wav,0.018074274,4,gun_shot,0.794276536,0.45%,fold10
D:/urbansound-fold10-augmented/196127-3-0-0.wav,0.019947529,4,dog_bark,0.915151954,0.50%,fold10
D:/urbansound-fold10-augmented/196127-3-0-1.wav,0.018456697,4,dog_bark,0.857985198,0.46%,fold10
D:/urbansound-fold10-augmented/196127-3-0-3.wav,0.019946575,4,dog_bark,0.886215508,0.50%,fold10
D:/urbansound-fold10-augmented/196127-3-0-4.wav,0.016956329,4,dog_bark,0.751661956,0.42%,fold10
D:/urbansound-fold10-augmented/197554-2-0-23.wav,0.017987251,4,engine_idling,0.437827021,0.45%,fold10
D:/urbansound-fold10-augmented/197554-2-0-26.wav,0.018983364,4,engine_idling,0.732515335,0.47%,fold10
D:/urbansound-fold10-augmented/197554-2-0-28.wav,0.018010378,4,air_conditioner,0.486407429,0.45%,fold10
D:/urbansound-fold10-augmented/197554-2-0-3.wav,0.020944357,4,engine_idling,0.484215081,0.52%,fold10
D:/urbansound-fold10-augmented/197554-2-0-60.wav,0.018948078,4,children_playing,0.344125509,0.47%,fold10
D:/urbansound-fold10-augmented/197554-2-0-69.wav,0.01800704,4,children_playing,0.469769955,0.45%,fold10
D:/urbansound-fold10-augmented/197554-2-0-74.wav,0.019947052,4,children_playing,0.745145977,0.50%,fold10
D:/urbansound-fold10-augmented/197554-2-0-82.wav,0.017952204,4,dog_bark,0.630810499,0.45%,fold10
D:/urbansound-fold10-augmented/199261-3-0-0.wav,0.02393651,4,dog_bark,0.855088055,0.60%,fold10
D:/urbansound-fold10-augmented/199261-3-0-1.wav,0.024932384,4,dog_bark,0.95852232,0.62%,fold10
D:/urbansound-fold10-augmented/199261-3-0-2.wav,0.022938728,4,dog_bark,0.97492981,0.57%,fold10
D:/urbansound-fold10-augmented/199261-3-0-4.wav,0.04787159,4,dog_bark,0.963772595,1.20%,fold10
D:/urbansound-fold10-augmented/200460-6-0-0.wav,0.016954184,1.898435374,gun_shot,0.89952451,0.89%,fold10
D:/urbansound-fold10-augmented/200460-6-1-0.wav,0.016956329,1.806099773,gun_shot,0.925775647,0.94%,fold10
D:/urbansound-fold10-augmented/200786-5-0-0.wav,0.029921055,4,air_conditioner,0.765782833,0.75%,fold10
D:/urbansound-fold10-augmented/200786-5-1-0.wav,0.017951965,4,street_music,0.361569554,0.45%,fold10
D:/urbansound-fold10-augmented/200786-5-1-1.wav,0.01695466,4,engine_idling,0.280910462,0.42%,fold10
D:/urbansound-fold10-augmented/200786-5-1-2.wav,0.018455982,4,drilling,0.340335608,0.46%,fold10
D:/urbansound-fold10-augmented/200786-5-1-3.wav,0.020003796,4,air_conditioner,0.323325098,0.50%,fold10
D:/urbansound-fold10-augmented/200786-5-1-4.wav,0.019946337,4,engine_idling,0.26593408,0.50%,fold10
D:/urbansound-fold10-augmented/200786-5-1-5.wav,0.020943642,4,street_music,0.414788812,0.52%,fold10
D:/urbansound-fold10-augmented/202334-9-0-105.wav,0.020944357,4,street_music,0.886341989,0.52%,fold10
D:/urbansound-fold10-augmented/202334-9-0-106.wav,0.018950224,4,street_music,0.967209458,0.47%,fold10
D:/urbansound-fold10-augmented/202334-9-0-137.wav,0.018950462,4,street_music,0.853193104,0.47%,fold10
D:/urbansound-fold10-augmented/202334-9-0-202.wav,0.02094388,4,street_music,0.511404693,0.52%,fold10
D:/urbansound-fold10-augmented/202334-9-0-63.wav,0.017951965,4,street_music,0.889813721,0.45%,fold10
D:/urbansound-fold10-augmented/202334-9-0-88.wav,0.018950462,4,street_music,0.61637795,0.47%,fold10
D:/urbansound-fold10-augmented/203424-9-0-15.wav,0.020003796,4,street_music,0.632237017,0.50%,fold10
D:/urbansound-fold10-augmented/203424-9-0-18.wav,0.020944834,4,street_music,0.541391253,0.52%,fold10
D:/urbansound-fold10-augmented/203424-9-0-26.wav,0.018950701,4,children_playing,0.323874563,0.47%,fold10
D:/urbansound-fold10-augmented/203424-9-0-34.wav,0.017952919,4,street_music,0.561445594,0.45%,fold10
D:/urbansound-fold10-augmented/203424-9-0-4.wav,0.017951965,4,street_music,0.705929101,0.45%,fold10
D:/urbansound-fold10-augmented/203424-9-0-46.wav,0.019948483,4,street_music,0.552635312,0.50%,fold10
D:/urbansound-fold10-augmented/20571-3-0-0.wav,0.016956568,2.946326531,drilling,0.640747547,0.58%,fold10
D:/urbansound-fold10-augmented/20571-3-1-0.wav,0.019946575,4,drilling,0.669690013,0.50%,fold10
D:/urbansound-fold10-augmented/207213-2-0-109.wav,0.018445253,4,children_playing,0.540248156,0.46%,fold10
D:/urbansound-fold10-augmented/207213-2-0-130.wav,0.01894927,4,children_playing,0.824420214,0.47%,fold10
D:/urbansound-fold10-augmented/207213-2-0-134.wav,0.017952681,4,children_playing,0.381257832,0.45%,fold10
D:/urbansound-fold10-augmented/207213-2-0-41.wav,0.018945694,4,children_playing,0.652746499,0.47%,fold10
D:/urbansound-fold10-augmented/207213-2-0-52.wav,0.019946575,4,siren,0.460789353,0.50%,fold10
D:/urbansound-fold10-augmented/207213-2-0-73.wav,0.018981218,4,children_playing,0.543519437,0.47%,fold10
D:/urbansound-fold10-augmented/207213-2-0-81.wav,0.020945311,4,children_playing,0.468183458,0.52%,fold10
D:/urbansound-fold10-augmented/207213-2-0-85.wav,0.020942926,4,dog_bark,0.56536901,0.52%,fold10
D:/urbansound-fold10-augmented/208652-8-0-0.wav,0.018950462,4,drilling,0.33181268,0.47%,fold10
D:/urbansound-fold10-augmented/22973-3-0-0.wav,0.018986464,4,children_playing,0.358147651,0.47%,fold10
D:/urbansound-fold10-augmented/22973-3-0-1.wav,0.017952919,4,street_music,0.547083497,0.45%,fold10
D:/urbansound-fold10-augmented/22973-3-0-2.wav,0.020942926,4,street_music,0.493541807,0.52%,fold10
D:/urbansound-fold10-augmented/24076-1-1-0.wav,0.016997099,3.15,car_horn,0.336898267,0.54%,fold10
D:/urbansound-fold10-augmented/26173-8-0-0.wav,0.024934769,2.37,siren,0.776035666,1.05%,fold10
D:/urbansound-fold10-augmented/26255-3-13-1.wav,0.019946575,4,dog_bark,0.575569093,0.50%,fold10
D:/urbansound-fold10-augmented/26344-4-0-0.wav,0.018948317,2.908548753,drilling,0.810578823,0.65%,fold10
D:/urbansound-fold10-augmented/26344-4-1-0.wav,0.018456697,2.64,drilling,0.736723781,0.70%,fold10
D:/urbansound-fold10-augmented/27070-2-0-0.wav,0.020944357,4,drilling,0.795011461,0.52%,fold10
D:/urbansound-fold10-augmented/27070-2-0-2.wav,0.019947529,4,drilling,0.408916354,0.50%,fold10
D:/urbansound-fold10-augmented/27070-2-0-3.wav,0.018949747,4,drilling,0.673320353,0.47%,fold10
D:/urbansound-fold10-augmented/27070-2-0-4.wav,0.01994586,4,drilling,0.510903001,0.50%,fold10
D:/urbansound-fold10-augmented/27070-2-0-5.wav,0.018987656,4,drilling,0.681589544,0.47%,fold10
D:/urbansound-fold10-augmented/27070-2-0-7.wav,0.018948078,4,drilling,0.357775599,0.47%,fold10
D:/urbansound-fold10-augmented/27070-2-0-8.wav,0.016953468,4,children_playing,0.349330872,0.42%,fold10
D:/urbansound-fold10-augmented/270_r.wav,0.012515783,4.096,gun_shot,0.967273653,0.31%,fold10
D:/urbansound-fold10-augmented/271_r.wav,0.012964964,4.096,gun_shot,0.974623621,0.32%,fold10
D:/urbansound-fold10-augmented/272_r.wav,0.010968924,4.096,gun_shot,0.968247652,0.27%,fold10
D:/urbansound-fold10-augmented/273_r.wav,0.011967897,4.096,gun_shot,0.986504614,0.29%,fold10
D:/urbansound-fold10-augmented/274_r.wav,0.010971546,4.096,gun_shot,0.915088236,0.27%,fold10
D:/urbansound-fold10-augmented/275_r.wav,0.013961792,4.096,gun_shot,0.982610941,0.34%,fold10
D:/urbansound-fold10-augmented/276_r.wav,0.01296711,4.096,gun_shot,0.944500208,0.32%,fold10
D:/urbansound-fold10-augmented/277_r.wav,0.010970831,4.096,gun_shot,0.98683548,0.27%,fold10
D:/urbansound-fold10-augmented/278_r.wav,0.01203227,4.096,gun_shot,0.981274962,0.29%,fold10
D:/urbansound-fold10-augmented/279_r.wav,0.010970831,4.096,gun_shot,0.978206813,0.27%,fold10
D:/urbansound-fold10-augmented/280_r.wav,0.013961554,4.096,gun_shot,0.969007015,0.34%,fold10
D:/urbansound-fold10-augmented/281_r.wav,0.015957594,4.096,gun_shot,0.984984517,0.39%,fold10
D:/urbansound-fold10-augmented/282_r.wav,0.015956879,4.096,gun_shot,0.968131721,0.39%,fold10
D:/urbansound-fold10-augmented/283_r.wav,0.0219419,4.096,gun_shot,0.932099223,0.54%,fold10
D:/urbansound-fold10-augmented/284_r.wav,0.015956879,4.096,gun_shot,0.962613463,0.39%,fold10
D:/urbansound-fold10-augmented/285_r.wav,0.015957117,4.096,gun_shot,0.94721067,0.39%,fold10
D:/urbansound-fold10-augmented/286_r.wav,0.017952919,4.096,gun_shot,0.980462372,0.44%,fold10
D:/urbansound-fold10-augmented/287_r.wav,0.016953707,4.096,gun_shot,0.96079123,0.41%,fold10
D:/urbansound-fold10-augmented/28808-1-0-0.wav,0.020453691,4,car_horn,0.629290998,0.51%,fold10
D:/urbansound-fold10-augmented/28808-1-0-1.wav,0.031915188,4,car_horn,0.632141173,0.80%,fold10
D:/urbansound-fold10-augmented/28808-1-0-10.wav,0.018949747,4,siren,0.25919053,0.47%,fold10
D:/urbansound-fold10-augmented/28808-1-0-11.wav,0.017953396,4,street_music,0.482166171,0.45%,fold10
D:/urbansound-fold10-augmented/28808-1-0-2.wav,0.018950701,4,siren,0.418209374,0.47%,fold10
D:/urbansound-fold10-augmented/28808-1-0-3.wav,0.028922796,4,siren,0.529013515,0.72%,fold10
D:/urbansound-fold10-augmented/28808-1-0-4.wav,0.018949986,4,children_playing,0.415265143,0.47%,fold10
D:/urbansound-fold10-augmented/28808-1-0-5.wav,0.01894927,4,children_playing,0.445681006,0.47%,fold10
D:/urbansound-fold10-augmented/28808-1-0-6.wav,0.019946337,4,siren,0.927440941,0.50%,fold10
D:/urbansound-fold10-augmented/28808-1-0-7.wav,0.01894784,4,siren,0.400668859,0.47%,fold10
D:/urbansound-fold10-augmented/28808-1-0-8.wav,0.018949509,4,children_playing,0.468205184,0.47%,fold10
D:/urbansound-fold10-augmented/28808-1-0-9.wav,0.01894784,4,siren,0.924789429,0.47%,fold10
D:/urbansound-fold10-augmented/28808-1-1-0.wav,0.019989729,4,street_music,0.533622205,0.50%,fold10
D:/urbansound-fold10-augmented/28808-1-1-1.wav,0.019988775,4,street_music,0.322289854,0.50%,fold10
D:/urbansound-fold10-augmented/288_r.wav,0.017952919,4.096,gun_shot,0.985451758,0.44%,fold10
D:/urbansound-fold10-augmented/289_r.wav,0.016953945,4.096,gun_shot,0.807360649,0.41%,fold10
D:/urbansound-fold10-augmented/290_r.wav,0.016995192,4.096,gun_shot,0.978257596,0.41%,fold10
D:/urbansound-fold10-augmented/291_r.wav,0.016954899,4.096,gun_shot,0.979906678,0.41%,fold10
D:/urbansound-fold10-augmented/292_r.wav,0.015957355,4.096,gun_shot,0.988495588,0.39%,fold10
D:/urbansound-fold10-augmented/293_r.wav,0.015955925,4.096,gun_shot,0.989869893,0.39%,fold10
D:/urbansound-fold10-augmented/294_r.wav,0.017953396,4.096,gun_shot,0.862105846,0.44%,fold10
D:/urbansound-fold10-augmented/295_r.wav,0.015000582,4.096,gun_shot,0.986632347,0.37%,fold10
D:/urbansound-fold10-augmented/296_r.wav,0.014960051,4.096,gun_shot,0.957602918,0.37%,fold10
D:/urbansound-fold10-augmented/297_r.wav,0.016952991,4.096,gun_shot,0.984914362,0.41%,fold10
D:/urbansound-fold10-augmented/298_r.wav,0.015958071,4.096,gun_shot,0.983657539,0.39%,fold10
D:/urbansound-fold10-augmented/299_r.wav,0.015957117,4.096,gun_shot,0.915027261,0.39%,fold10
D:/urbansound-fold10-augmented/30344-3-0-0.wav,0.018948555,4,dog_bark,0.629620492,0.47%,fold10
D:/urbansound-fold10-augmented/30344-3-0-1.wav,0.019948244,4,dog_bark,0.884205759,0.50%,fold10
D:/urbansound-fold10-augmented/30344-3-0-3.wav,0.018948078,4,dog_bark,0.827435136,0.47%,fold10
D:/urbansound-fold10-augmented/30344-3-0-4.wav,0.030923605,4,dog_bark,0.883882582,0.77%,fold10
D:/urbansound-fold10-augmented/34050-7-0-0.wav,0.01894927,3.498004535,engine_idling,0.473396391,0.54%,fold10
D:/urbansound-fold10-augmented/34050-7-3-0.wav,0.016955614,1.89,jackhammer,0.26478526,0.90%,fold10
D:/urbansound-fold10-augmented/34050-7-4-0.wav,0.014960527,2.62,gun_shot,0.176796883,0.57%,fold10
D:/urbansound-fold10-augmented/34050-7-5-0.wav,0.016953945,2.2,engine_idling,0.213450402,0.77%,fold10
D:/urbansound-fold10-augmented/34050-7-6-0.wav,0.019946814,4,engine_idling,0.781400144,0.50%,fold10
D:/urbansound-fold10-augmented/35628-3-0-0.wav,0.020944595,4,children_playing,0.348437041,0.52%,fold10
D:/urbansound-fold10-augmented/39847-5-0-0.wav,0.019004583,4,engine_idling,0.947207928,0.48%,fold10
D:/urbansound-fold10-augmented/39847-5-0-1.wav,0.019009829,4,engine_idling,0.946839571,0.48%,fold10
D:/urbansound-fold10-augmented/39847-5-0-10.wav,0.019454956,4,engine_idling,0.917618096,0.49%,fold10
D:/urbansound-fold10-augmented/39847-5-0-11.wav,0.020944118,4,engine_idling,0.886802554,0.52%,fold10
D:/urbansound-fold10-augmented/39847-5-0-12.wav,0.019946098,4,engine_idling,0.853588879,0.50%,fold10
D:/urbansound-fold10-augmented/39847-5-0-2.wav,0.016955853,4,engine_idling,0.798337936,0.42%,fold10
D:/urbansound-fold10-augmented/39847-5-0-3.wav,0.01894927,4,engine_idling,0.954535604,0.47%,fold10
D:/urbansound-fold10-augmented/39847-5-0-4.wav,0.016955853,4,engine_idling,0.927855313,0.42%,fold10
D:/urbansound-fold10-augmented/39847-5-0-5.wav,0.016955853,4,engine_idling,0.975376666,0.42%,fold10
D:/urbansound-fold10-augmented/39847-5-0-6.wav,0.019946814,4,engine_idling,0.767249763,0.50%,fold10
D:/urbansound-fold10-augmented/39847-5-0-7.wav,0.017231941,4,engine_idling,0.631629109,0.43%,fold10
D:/urbansound-fold10-augmented/39847-5-0-8.wav,0.017952681,4,engine_idling,0.825180769,0.45%,fold10
D:/urbansound-fold10-augmented/39847-5-0-9.wav,0.01894927,4,engine_idling,0.940749824,0.47%,fold10
D:/urbansound-fold10-augmented/39847-5-1-0.wav,0.017461061,2.8,engine_idling,0.37388292,0.62%,fold10
D:/urbansound-fold10-augmented/41306-3-0-10.wav,0.018949032,4,engine_idling,0.42249009,0.47%,fold10
D:/urbansound-fold10-augmented/41306-3-0-13.wav,0.017952442,4,children_playing,0.402524203,0.45%,fold10
D:/urbansound-fold10-augmented/41306-3-0-4.wav,0.018949986,4,engine_idling,0.403768569,0.47%,fold10
D:/urbansound-fold10-augmented/51024-3-0-16.wav,0.02000308,4,dog_bark,0.851131976,0.50%,fold10
D:/urbansound-fold10-augmented/51024-3-0-2.wav,0.019945621,4,dog_bark,0.581259489,0.50%,fold10
D:/urbansound-fold10-augmented/51024-3-0-23.wav,0.016953707,4,dog_bark,0.828135252,0.42%,fold10
D:/urbansound-fold10-augmented/51024-3-0-3.wav,0.018950224,4,dog_bark,0.387927622,0.47%,fold10
D:/urbansound-fold10-augmented/59513-3-0-0.wav,0.01695466,4,dog_bark,0.840785384,0.42%,fold10
D:/urbansound-fold10-augmented/59513-3-0-1.wav,0.017951965,4,dog_bark,0.765829027,0.45%,fold10
D:/urbansound-fold10-augmented/59513-3-0-3.wav,0.018948078,4,dog_bark,0.474947244,0.47%,fold10
D:/urbansound-fold10-augmented/59513-3-0-4.wav,0.017950773,4,dog_bark,0.907659948,0.45%,fold10
D:/urbansound-fold10-augmented/66115-1-0-0.wav,0.018949509,4,air_conditioner,0.363814235,0.47%,fold10
D:/urbansound-fold10-augmented/66115-1-0-1.wav,0.01695466,4,engine_idling,0.355783939,0.42%,fold10
D:/urbansound-fold10-augmented/69661-3-0-14.wav,0.017953396,4,dog_bark,0.61291194,0.45%,fold10
D:/urbansound-fold10-augmented/69661-3-0-23.wav,0.017953634,4,dog_bark,0.580202997,0.45%,fold10
D:/urbansound-fold10-augmented/69661-3-0-29.wav,0.019947052,4,dog_bark,0.603650451,0.50%,fold10
D:/urbansound-fold10-augmented/71312-3-0-1.wav,0.020005465,4,dog_bark,0.490547806,0.50%,fold10
D:/urbansound-fold10-augmented/71312-3-0-2.wav,0.017952204,4,dog_bark,0.674300432,0.45%,fold10
D:/urbansound-fold10-augmented/71312-3-0-4.wav,0.019946575,4,dog_bark,0.510713756,0.50%,fold10
D:/urbansound-fold10-augmented/71312-3-0-5.wav,0.019946575,4,dog_bark,0.661221385,0.50%,fold10
D:/urbansound-fold10-augmented/72220-3-0-0.wav,0.017993689,3.04,children_playing,0.361261338,0.59%,fold10
D:/urbansound-fold10-augmented/72220-3-2-2.wav,0.017951488,4,children_playing,0.378951132,0.45%,fold10
D:/urbansound-fold10-augmented/72220-3-2-3.wav,0.017953157,4,dog_bark,0.615587533,0.45%,fold10
D:/urbansound-fold10-augmented/72220-3-2-4.wav,0.019029856,4,dog_bark,0.680355132,0.48%,fold10
D:/urbansound-fold10-augmented/73524-0-0-0.wav,0.016956329,4,engine_idling,0.711734474,0.42%,fold10
D:/urbansound-fold10-augmented/73524-0-0-101.wav,0.01495862,4,engine_idling,0.461046755,0.37%,fold10
D:/urbansound-fold10-augmented/73524-0-0-105.wav,0.014961243,4,engine_idling,0.652996778,0.37%,fold10
D:/urbansound-fold10-augmented/73524-0-0-113.wav,0.01496172,4,engine_idling,0.517415345,0.37%,fold10
D:/urbansound-fold10-augmented/73524-0-0-114.wav,0.01495862,4,engine_idling,0.412771672,0.37%,fold10
D:/urbansound-fold10-augmented/73524-0-0-126.wav,0.015957594,4,air_conditioner,0.434042543,0.40%,fold10
D:/urbansound-fold10-augmented/73524-0-0-127.wav,0.015957594,4,engine_idling,0.449071139,0.40%,fold10
D:/urbansound-fold10-augmented/73524-0-0-128.wav,0.015956879,4,air_conditioner,0.390042603,0.40%,fold10
D:/urbansound-fold10-augmented/73524-0-0-133.wav,0.015956163,4,engine_idling,0.483466804,0.40%,fold10
D:/urbansound-fold10-augmented/73524-0-0-137.wav,0.015957355,4,engine_idling,0.482031405,0.40%,fold10
D:/urbansound-fold10-augmented/73524-0-0-2.wav,0.016999006,4,engine_idling,0.611232638,0.42%,fold10
D:/urbansound-fold10-augmented/73524-0-0-23.wav,0.021943092,4,engine_idling,0.525197446,0.55%,fold10
D:/urbansound-fold10-augmented/73524-0-0-30.wav,0.015958071,4,engine_idling,0.618807256,0.40%,fold10
D:/urbansound-fold10-augmented/73524-0-0-31.wav,0.014961481,4,engine_idling,0.700573921,0.37%,fold10
D:/urbansound-fold10-augmented/73524-0-0-32.wav,0.015002489,4,engine_idling,0.68647778,0.38%,fold10
D:/urbansound-fold10-augmented/73524-0-0-5.wav,0.014958143,4,air_conditioner,0.301838666,0.37%,fold10
D:/urbansound-fold10-augmented/73524-0-0-52.wav,0.015957594,4,engine_idling,0.523377895,0.40%,fold10
D:/urbansound-fold10-augmented/73524-0-0-54.wav,0.017002106,4,siren,0.953458488,0.43%,fold10
D:/urbansound-fold10-augmented/73524-0-0-6.wav,0.015957355,4,air_conditioner,0.515828192,0.40%,fold10
D:/urbansound-fold10-augmented/73524-0-0-63.wav,0.01496172,4,engine_idling,0.54252404,0.37%,fold10
D:/urbansound-fold10-augmented/73524-0-0-73.wav,0.016953707,4,engine_idling,0.548956811,0.42%,fold10
D:/urbansound-fold10-augmented/73524-0-0-74.wav,0.01695466,4,engine_idling,0.63835758,0.42%,fold10
D:/urbansound-fold10-augmented/73524-0-0-8.wav,0.013963461,4,engine_idling,0.451946497,0.35%,fold10
D:/urbansound-fold10-augmented/73524-0-0-92.wav,0.016955137,4,engine_idling,0.538967013,0.42%,fold10
D:/urbansound-fold10-augmented/73524-0-0-98.wav,0.014961481,4,engine_idling,0.57794112,0.37%,fold10
D:/urbansound-fold10-augmented/73524-0-0-99.wav,0.015957117,4,engine_idling,0.431519568,0.40%,fold10
D:/urbansound-fold10-augmented/74364-8-1-0.wav,0.03291297,4,children_playing,0.613573909,0.82%,fold10
D:/urbansound-fold10-augmented/74364-8-1-1.wav,0.017951965,4,gun_shot,0.503901184,0.45%,fold10
D:/urbansound-fold10-augmented/74364-8-1-10.wav,0.020944595,4,children_playing,0.54110539,0.52%,fold10
D:/urbansound-fold10-augmented/74364-8-1-11.wav,0.020985603,4,children_playing,0.684866607,0.52%,fold10
D:/urbansound-fold10-augmented/74364-8-1-12.wav,0.019455671,4,children_playing,0.3198452,0.49%,fold10
D:/urbansound-fold10-augmented/74364-8-1-13.wav,0.031914234,4,children_playing,0.589001298,0.80%,fold10
D:/urbansound-fold10-augmented/74364-8-1-14.wav,0.02001524,4,children_playing,0.556001604,0.50%,fold10
D:/urbansound-fold10-augmented/74364-8-1-15.wav,0.018950462,4,children_playing,0.719371259,0.47%,fold10
D:/urbansound-fold10-augmented/74364-8-1-16.wav,0.019945621,4,drilling,0.197296038,0.50%,fold10
D:/urbansound-fold10-augmented/74364-8-1-17.wav,0.028923035,4,children_playing,0.524937034,0.72%,fold10
D:/urbansound-fold10-augmented/74364-8-1-18.wav,0.033910275,4,children_playing,0.61964792,0.85%,fold10
D:/urbansound-fold10-augmented/74364-8-1-19.wav,0.019946575,4,children_playing,0.668172657,0.50%,fold10
D:/urbansound-fold10-augmented/74364-8-1-2.wav,0.017951965,4,drilling,0.702350259,0.45%,fold10
D:/urbansound-fold10-augmented/74364-8-1-20.wav,0.020945072,4,children_playing,0.303321451,0.52%,fold10
D:/urbansound-fold10-augmented/74364-8-1-21.wav,0.018949509,4,children_playing,0.466718405,0.47%,fold10
D:/urbansound-fold10-augmented/74364-8-1-22.wav,0.020945311,4,dog_bark,0.368691236,0.52%,fold10
D:/urbansound-fold10-augmented/74364-8-1-23.wav,0.019058228,4,drilling,0.345796168,0.48%,fold10
D:/urbansound-fold10-augmented/74364-8-1-24.wav,0.019946337,4,gun_shot,0.437173426,0.50%,fold10
D:/urbansound-fold10-augmented/74364-8-1-25.wav,0.01595664,4,dog_bark,0.347642124,0.40%,fold10
D:/urbansound-fold10-augmented/74364-8-1-26.wav,0.019454479,4,dog_bark,0.559726536,0.49%,fold10
D:/urbansound-fold10-augmented/74364-8-1-27.wav,0.017952204,4,children_playing,0.634084821,0.45%,fold10
D:/urbansound-fold10-augmented/74364-8-1-3.wav,0.017953396,4,children_playing,0.57441932,0.45%,fold10
D:/urbansound-fold10-augmented/74364-8-1-4.wav,0.017952919,4,children_playing,0.240627289,0.45%,fold10
D:/urbansound-fold10-augmented/74364-8-1-5.wav,0.017951965,4,children_playing,0.663278461,0.45%,fold10
D:/urbansound-fold10-augmented/74364-8-1-6.wav,0.03091836,4,dog_bark,0.526015282,0.77%,fold10
D:/urbansound-fold10-augmented/74364-8-1-7.wav,0.017952919,4,street_music,0.183538869,0.45%,fold10
D:/urbansound-fold10-augmented/74364-8-1-8.wav,0.018949509,4,children_playing,0.492797792,0.47%,fold10
D:/urbansound-fold10-augmented/74364-8-1-9.wav,0.020942926,4,children_playing,0.717901647,0.52%,fold10
D:/urbansound-fold10-augmented/74922-4-0-0.wav,0.019946098,4,drilling,0.984796345,0.50%,fold10
D:/urbansound-fold10-augmented/74922-4-0-1.wav,0.017950535,4,drilling,0.994091451,0.45%,fold10
D:/urbansound-fold10-augmented/74922-4-0-2.wav,0.019947767,4,drilling,0.992559612,0.50%,fold10
D:/urbansound-fold10-augmented/74922-4-0-3.wav,0.017953396,4,drilling,0.995825946,0.45%,fold10
D:/urbansound-fold10-augmented/74922-4-0-4.wav,0.01994729,4,drilling,0.995935082,0.50%,fold10
D:/urbansound-fold10-augmented/74922-4-0-5.wav,0.019945383,4,drilling,0.993715703,0.50%,fold10
D:/urbansound-fold10-augmented/74922-4-0-6.wav,0.042885303,4,drilling,0.974605918,1.07%,fold10
D:/urbansound-fold10-augmented/74922-4-0-7.wav,0.019947529,4,drilling,0.996630907,0.50%,fold10
D:/urbansound-fold10-augmented/77901-9-0-0.wav,0.015957594,4,street_music,0.6861974,0.40%,fold10
D:/urbansound-fold10-augmented/77901-9-0-1.wav,0.015956879,4,street_music,0.619518399,0.40%,fold10
D:/urbansound-fold10-augmented/77901-9-0-2.wav,0.015957355,4,children_playing,0.557592988,0.40%,fold10
D:/urbansound-fold10-augmented/77901-9-0-3.wav,0.014960051,4,street_music,0.651070297,0.37%,fold10
D:/urbansound-fold10-augmented/77901-9-0-4.wav,0.023936987,4,street_music,0.334251404,0.60%,fold10
D:/urbansound-fold10-augmented/77901-9-0-6.wav,0.014960051,4,children_playing,0.453950971,0.37%,fold10
D:/urbansound-fold10-augmented/77901-9-0-7.wav,0.016953707,4,children_playing,0.221011907,0.42%,fold10
D:/urbansound-fold10-augmented/77927-3-0-0.wav,0.017953634,4,siren,0.828867137,0.45%,fold10
D:/urbansound-fold10-augmented/77927-3-0-1.wav,0.018949509,4,siren,0.976311803,0.47%,fold10
D:/urbansound-fold10-augmented/77927-3-0-2.wav,0.023446083,4,siren,0.896178901,0.59%,fold10
D:/urbansound-fold10-augmented/77927-3-1-1.wav,0.019948721,4,street_music,0.552179039,0.50%,fold10
D:/urbansound-fold10-augmented/7965-3-16-0.wav,0.017953634,1.878956916,drilling,0.350161195,0.96%,fold10
D:/urbansound-fold10-augmented/7965-3-22-0.wav,0.016954184,2.925963719,drilling,0.3808088,0.58%,fold10
D:/urbansound-fold10-augmented/81791-3-0-0.wav,0.018951178,4,dog_bark,0.964615166,0.47%,fold10
D:/urbansound-fold10-augmented/81791-3-0-1.wav,0.017951965,4,dog_bark,0.951256514,0.45%,fold10
D:/urbansound-fold10-augmented/83191-9-0-0.wav,0.015959024,4,children_playing,0.313898653,0.40%,fold10
D:/urbansound-fold10-augmented/83191-9-0-11.wav,0.016953707,4,children_playing,0.315147221,0.42%,fold10
D:/urbansound-fold10-augmented/83191-9-0-13.wav,0.014960051,4,street_music,0.241192177,0.37%,fold10
D:/urbansound-fold10-augmented/83191-9-0-17.wav,0.014959574,4,dog_bark,0.198859543,0.37%,fold10
D:/urbansound-fold10-augmented/83191-9-0-4.wav,0.015957117,4,children_playing,0.374099493,0.40%,fold10
D:/urbansound-fold10-augmented/83191-9-0-6.wav,0.02094388,4,street_music,0.366918564,0.52%,fold10
D:/urbansound-fold10-augmented/83195-9-0-11.wav,0.015957594,4,street_music,0.445994735,0.40%,fold10
D:/urbansound-fold10-augmented/83195-9-0-14.wav,0.015957355,4,siren,0.248019353,0.40%,fold10
D:/urbansound-fold10-augmented/83195-9-0-2.wav,0.01894927,4,children_playing,0.220951512,0.47%,fold10
D:/urbansound-fold10-augmented/83195-9-0-3.wav,0.017951488,4,dog_bark,0.273783743,0.45%,fold10
D:/urbansound-fold10-augmented/83195-9-0-6.wav,0.017994165,4,street_music,0.181411713,0.45%,fold10
D:/urbansound-fold10-augmented/83195-9-0-7.wav,0.01899147,4,siren,0.348205686,0.47%,fold10
D:/urbansound-fold10-augmented/83502-0-0-0.wav,0.031913042,4,air_conditioner,0.375221878,0.80%,fold10
D:/urbansound-fold10-augmented/83502-0-0-1.wav,0.019945383,4,children_playing,0.192981392,0.50%,fold10
D:/urbansound-fold10-augmented/83502-0-0-10.wav,0.019946814,4,children_playing,0.537689507,0.50%,fold10
D:/urbansound-fold10-augmented/83502-0-0-11.wav,0.020949125,4,children_playing,0.414286405,0.52%,fold10
D:/urbansound-fold10-augmented/83502-0-0-12.wav,0.019946814,4,dog_bark,0.33936426,0.50%,fold10
D:/urbansound-fold10-augmented/83502-0-0-13.wav,0.016955853,4,air_conditioner,0.671543658,0.42%,fold10
D:/urbansound-fold10-augmented/83502-0-0-2.wav,0.017951965,4,children_playing,0.197444543,0.45%,fold10
D:/urbansound-fold10-augmented/83502-0-0-3.wav,0.018949509,4,air_conditioner,0.321559548,0.47%,fold10
D:/urbansound-fold10-augmented/83502-0-0-4.wav,0.016997337,4,air_conditioner,0.590092182,0.42%,fold10
D:/urbansound-fold10-augmented/83502-0-0-5.wav,0.029920101,4,air_conditioner,0.779010952,0.75%,fold10
D:/urbansound-fold10-augmented/83502-0-0-6.wav,0.017951965,4,air_conditioner,0.818717599,0.45%,fold10
D:/urbansound-fold10-augmented/83502-0-0-7.wav,0.016955614,4,air_conditioner,0.512718558,0.42%,fold10
D:/urbansound-fold10-augmented/83502-0-0-8.wav,0.020943165,4,air_conditioner,0.376142621,0.52%,fold10
D:/urbansound-fold10-augmented/83502-0-0-9.wav,0.030916452,4,air_conditioner,0.5311414,0.77%,fold10
D:/urbansound-fold10-augmented/84249-9-0-10.wav,0.015957594,4,car_horn,0.295448184,0.40%,fold10
D:/urbansound-fold10-augmented/84249-9-0-11.wav,0.018950701,4,car_horn,0.244842559,0.47%,fold10
D:/urbansound-fold10-augmented/84249-9-0-3.wav,0.015957117,4,street_music,0.207972392,0.40%,fold10
D:/urbansound-fold10-augmented/84249-9-0-6.wav,0.015957594,4,car_horn,0.466441751,0.40%,fold10
D:/urbansound-fold10-augmented/84249-9-0-7.wav,0.015957594,4,car_horn,0.36280635,0.40%,fold10
D:/urbansound-fold10-augmented/84249-9-0-8.wav,0.015957355,4,street_music,0.195518345,0.40%,fold10
D:/urbansound-fold10-augmented/85574-3-0-0.wav,0.017953396,4,children_playing,0.561319947,0.45%,fold10
D:/urbansound-fold10-augmented/85574-3-0-12.wav,0.015956163,4,children_playing,0.561992288,0.40%,fold10
D:/urbansound-fold10-augmented/85574-3-0-2.wav,0.016953945,4,children_playing,0.46015805,0.42%,fold10
D:/urbansound-fold10-augmented/85574-3-0-8.wav,0.016956091,4,children_playing,0.453604102,0.42%,fold10
D:/urbansound-fold10-augmented/88121-8-0-0.wav,0.018950462,4,siren,0.953309357,0.47%,fold10
D:/urbansound-fold10-augmented/88121-8-0-1.wav,0.019946814,4,siren,0.963145494,0.50%,fold10
D:/urbansound-fold10-augmented/88121-8-0-2.wav,0.019947529,4,siren,0.52653563,0.50%,fold10
D:/urbansound-fold10-augmented/88121-8-0-3.wav,0.018950224,4,children_playing,0.404854417,0.47%,fold10
D:/urbansound-fold10-augmented/88121-8-2-0.wav,0.014959812,1.948458333,gun_shot,0.620196223,0.77%,fold10
D:/urbansound-fold10-augmented/93567-8-0-0.wav,0.01894927,4,siren,0.847679257,0.47%,fold10
D:/urbansound-fold10-augmented/93567-8-0-1.wav,0.018948078,4,siren,0.368885309,0.47%,fold10
D:/urbansound-fold10-augmented/93567-8-0-10.wav,0.017951727,4,siren,0.412854284,0.45%,fold10
D:/urbansound-fold10-augmented/93567-8-0-11.wav,0.018458843,4,siren,0.981918573,0.46%,fold10
D:/urbansound-fold10-augmented/93567-8-0-12.wav,0.031914949,4,siren,0.944811702,0.80%,fold10
D:/urbansound-fold10-augmented/93567-8-0-13.wav,0.017953396,4,siren,0.900280297,0.45%,fold10
D:/urbansound-fold10-augmented/93567-8-0-14.wav,0.017952442,4,siren,0.965684593,0.45%,fold10
D:/urbansound-fold10-augmented/93567-8-0-15.wav,0.020943165,4,siren,0.982183635,0.52%,fold10
D:/urbansound-fold10-augmented/93567-8-0-16.wav,0.019458294,4,siren,0.982132852,0.49%,fold10
D:/urbansound-fold10-augmented/93567-8-0-17.wav,0.017952442,4,siren,0.879829526,0.45%,fold10
D:/urbansound-fold10-augmented/93567-8-0-18.wav,0.016954899,4,siren,0.942933798,0.42%,fold10
D:/urbansound-fold10-augmented/93567-8-0-19.wav,0.021449566,4,siren,0.964433312,0.54%,fold10
D:/urbansound-fold10-augmented/93567-8-0-2.wav,0.020944118,4,siren,0.819109797,0.52%,fold10
D:/urbansound-fold10-augmented/93567-8-0-3.wav,0.016970634,4,siren,0.290524125,0.42%,fold10
D:/urbansound-fold10-augmented/93567-8-0-4.wav,0.021941185,4,siren,0.863177419,0.55%,fold10
D:/urbansound-fold10-augmented/93567-8-0-5.wav,0.018950462,4,siren,0.82804966,0.47%,fold10
D:/urbansound-fold10-augmented/93567-8-0-6.wav,0.019946814,4,siren,0.966487169,0.50%,fold10
D:/urbansound-fold10-augmented/93567-8-0-7.wav,0.017950535,4,siren,0.747774184,0.45%,fold10
D:/urbansound-fold10-augmented/93567-8-0-8.wav,0.019946575,4,siren,0.834422112,0.50%,fold10
D:/urbansound-fold10-augmented/93567-8-0-9.wav,0.019945621,4,siren,0.691387296,0.50%,fold10
D:/urbansound-fold10-augmented/99192-4-0-0.wav,0.015958071,4,drilling,0.925288618,0.40%,fold10
D:/urbansound-fold10-augmented/99192-4-0-1.wav,0.017951965,4,drilling,0.935663998,0.45%,fold10
D:/urbansound-fold10-augmented/99192-4-0-12.wav,0.015991926,4,drilling,0.918723881,0.40%,fold10
D:/urbansound-fold10-augmented/99192-4-0-15.wav,0.021940231,4,drilling,0.91197288,0.55%,fold10
D:/urbansound-fold10-augmented/99192-4-0-17.wav,0.015002251,4,drilling,0.913316607,0.38%,fold10
D:/urbansound-fold10-augmented/99192-4-0-18.wav,0.015958309,4,drilling,0.648730874,0.40%,fold10
D:/urbansound-fold10-augmented/99192-4-0-20.wav,0.015957355,4,drilling,0.97171545,0.40%,fold10
D:/urbansound-fold10-augmented/99192-4-0-24.wav,0.015957355,4,drilling,0.854606092,0.40%,fold10
D:/urbansound-fold10-augmented/99192-4-0-26.wav,0.015956163,4,drilling,0.664042652,0.40%,fold10
D:/urbansound-fold10-augmented/99192-4-0-27.wav,0.013963699,4,drilling,0.907488585,0.35%,fold10
D:/urbansound-fold10-augmented/99192-4-0-28.wav,0.015957355,4,drilling,0.95583719,0.40%,fold10
D:/urbansound-fold10-augmented/99192-4-0-3.wav,0.014959335,4,drilling,0.608951807,0.37%,fold10
D:/urbansound-fold10-augmented/99192-4-0-30.wav,0.015958309,4,drilling,0.966467142,0.40%,fold10
D:/urbansound-fold10-augmented/99192-4-0-32.wav,0.015957117,4,drilling,0.78265214,0.40%,fold10
D:/urbansound-fold10-augmented/99192-4-0-33.wav,0.016953707,4,drilling,0.923376381,0.42%,fold10
D:/urbansound-fold10-augmented/99192-4-0-38.wav,0.017952681,4,drilling,0.921570837,0.45%,fold10
D:/urbansound-fold10-augmented/99192-4-0-40.wav,0.015958548,4,drilling,0.962813437,0.40%,fold10
D:/urbansound-fold10-augmented/99192-4-0-41.wav,0.016955614,4,drilling,0.909551144,0.42%,fold10
D:/urbansound-fold10-augmented/99192-4-0-43.wav,0.017099619,4,drilling,0.952871323,0.43%,fold10
D:/urbansound-fold10-augmented/99192-4-0-47.wav,0.015987873,4,drilling,0.629221618,0.40%,fold10
D:/urbansound-fold10-augmented/99192-4-0-48.wav,0.017953396,4,drilling,0.945685208,0.45%,fold10
D:/urbansound-fold10-augmented/99192-4-0-49.wav,0.016421556,4,drilling,0.974159062,0.41%,fold10
D:/urbansound-fold10-augmented/99192-4-0-52.wav,0.01695323,4,drilling,0.510193348,0.42%,fold10
D:/urbansound-fold10-augmented/99192-4-0-53.wav,0.015957117,4,drilling,0.911804736,0.40%,fold10
D:/urbansound-fold10-augmented/99192-4-0-54.wav,0.015957355,4,drilling,0.96143657,0.40%,fold10
D:/urbansound-fold10-augmented/99192-4-0-55.wav,0.015957355,4,drilling,0.829638839,0.40%,fold10
D:/urbansound-fold10-augmented/99192-4-0-7.wav,0.015999317,4,drilling,0.952651739,0.40%,fold10
,,,,,,
,,,,,,
,,,,,,
,,,TP,#REF!,,
,,,FN,0.00 ,,
,,,FP,,,
,,,TN,,,
